DATA;SEDE;TIPO PS;NUMERO ACCESSI
01/01/2023;Cantù;PS Generale;53
01/01/2023;Cantù;PS Pediatrico;15
01/01/2023;Menaggio;PS Generale;22
01/01/2023;S. Fermo;PS Generale;126
01/01/2023;S. Fermo;PS Ostetrico-Ginecologico;9
01/01/2023;S. Fermo;PS Pediatrico;42
02/01/2023;Cantù;PS Generale;63
02/01/2023;Cantù;PS Pediatrico;10
02/01/2023;Menaggio;PS Generale;23
02/01/2023;S. Fermo;PS Generale;118
02/01/2023;S. Fermo;PS Ostetrico-Ginecologico;22
02/01/2023;S. Fermo;PS Pediatrico;42
03/01/2023;Cantù;PS Generale;58
03/01/2023;Cantù;PS Pediatrico;9
03/01/2023;Menaggio;PS Generale;18
03/01/2023;S. Fermo;PS Generale;122
03/01/2023;S. Fermo;PS Ostetrico-Ginecologico;14
03/01/2023;S. Fermo;PS Pediatrico;38
04/01/2023;Cantù;PS Generale;44
04/01/2023;Cantù;PS Pediatrico;5
04/01/2023;Menaggio;PS Generale;19
04/01/2023;S. Fermo;PS Generale;99
04/01/2023;S. Fermo;PS Ostetrico-Ginecologico;13
04/01/2023;S. Fermo;PS Pediatrico;33
05/01/2023;Cantù;PS Generale;55
05/01/2023;Cantù;PS Pediatrico;7
05/01/2023;Menaggio;PS Generale;22
05/01/2023;S. Fermo;PS Generale;111
05/01/2023;S. Fermo;PS Ostetrico-Ginecologico;16
05/01/2023;S. Fermo;PS Pediatrico;39
06/01/2023;Cantù;PS Generale;54
06/01/2023;Cantù;PS Pediatrico;9
06/01/2023;Menaggio;PS Generale;13
06/01/2023;S. Fermo;PS Generale;88
06/01/2023;S. Fermo;PS Ostetrico-Ginecologico;21
06/01/2023;S. Fermo;PS Pediatrico;33
07/01/2023;Cantù;PS Generale;56
07/01/2023;Cantù;PS Pediatrico;15
07/01/2023;Menaggio;PS Generale;31
07/01/2023;S. Fermo;PS Generale;98
07/01/2023;S. Fermo;PS Ostetrico-Ginecologico;14
07/01/2023;S. Fermo;PS Pediatrico;27
08/01/2023;Cantù;PS Generale;47
08/01/2023;Cantù;PS Pediatrico;8
08/01/2023;Menaggio;PS Generale;13
08/01/2023;S. Fermo;PS Generale;105
08/01/2023;S. Fermo;PS Ostetrico-Ginecologico;17
08/01/2023;S. Fermo;PS Pediatrico;41
09/01/2023;Cantù;PS Generale;58
09/01/2023;Cantù;PS Pediatrico;9
09/01/2023;Menaggio;PS Generale;22
09/01/2023;S. Fermo;PS Generale;114
09/01/2023;S. Fermo;PS Ostetrico-Ginecologico;12
09/01/2023;S. Fermo;PS Pediatrico;33
10/01/2023;Cantù;PS Generale;57
10/01/2023;Cantù;PS Pediatrico;8
10/01/2023;Menaggio;PS Generale;17
10/01/2023;S. Fermo;PS Generale;95
10/01/2023;S. Fermo;PS Ostetrico-Ginecologico;23
10/01/2023;S. Fermo;PS Pediatrico;48
11/01/2023;Cantù;PS Generale;45
11/01/2023;Cantù;PS Pediatrico;10
11/01/2023;Menaggio;PS Generale;16
11/01/2023;S. Fermo;PS Generale;100
11/01/2023;S. Fermo;PS Ostetrico-Ginecologico;10
11/01/2023;S. Fermo;PS Pediatrico;28
12/01/2023;Cantù;PS Generale;47
12/01/2023;Cantù;PS Pediatrico;12
12/01/2023;Menaggio;PS Generale;22
12/01/2023;S. Fermo;PS Generale;110
12/01/2023;S. Fermo;PS Ostetrico-Ginecologico;18
12/01/2023;S. Fermo;PS Pediatrico;33
13/01/2023;Cantù;PS Generale;52
13/01/2023;Cantù;PS Pediatrico;10
13/01/2023;Menaggio;PS Generale;8
13/01/2023;S. Fermo;PS Generale;93
13/01/2023;S. Fermo;PS Ostetrico-Ginecologico;21
13/01/2023;S. Fermo;PS Pediatrico;36
14/01/2023;Cantù;PS Generale;41
14/01/2023;Cantù;PS Pediatrico;7
14/01/2023;Menaggio;PS Generale;25
14/01/2023;S. Fermo;PS Generale;100
14/01/2023;S. Fermo;PS Ostetrico-Ginecologico;16
14/01/2023;S. Fermo;PS Pediatrico;50
15/01/2023;Cantù;PS Generale;43
15/01/2023;Cantù;PS Pediatrico;15
15/01/2023;Menaggio;PS Generale;10
15/01/2023;S. Fermo;PS Generale;74
15/01/2023;S. Fermo;PS Ostetrico-Ginecologico;16
15/01/2023;S. Fermo;PS Pediatrico;70
16/01/2023;Cantù;PS Generale;59
16/01/2023;Cantù;PS Pediatrico;12
16/01/2023;Menaggio;PS Generale;21
16/01/2023;S. Fermo;PS Generale;112
16/01/2023;S. Fermo;PS Ostetrico-Ginecologico;20
16/01/2023;S. Fermo;PS Pediatrico;42
17/01/2023;Cantù;PS Generale;47
17/01/2023;Cantù;PS Pediatrico;9
17/01/2023;Menaggio;PS Generale;18
17/01/2023;S. Fermo;PS Generale;109
17/01/2023;S. Fermo;PS Ostetrico-Ginecologico;21
17/01/2023;S. Fermo;PS Pediatrico;28
18/01/2023;Cantù;PS Generale;43
18/01/2023;Cantù;PS Pediatrico;9
18/01/2023;Menaggio;PS Generale;18
18/01/2023;S. Fermo;PS Generale;110
18/01/2023;S. Fermo;PS Ostetrico-Ginecologico;22
18/01/2023;S. Fermo;PS Pediatrico;27
19/01/2023;Cantù;PS Generale;51
19/01/2023;Cantù;PS Pediatrico;10
19/01/2023;Menaggio;PS Generale;18
19/01/2023;S. Fermo;PS Generale;77
19/01/2023;S. Fermo;PS Ostetrico-Ginecologico;31
19/01/2023;S. Fermo;PS Pediatrico;30
20/01/2023;Cantù;PS Generale;50
20/01/2023;Cantù;PS Pediatrico;14
20/01/2023;Menaggio;PS Generale;19
20/01/2023;S. Fermo;PS Generale;101
20/01/2023;S. Fermo;PS Ostetrico-Ginecologico;19
20/01/2023;S. Fermo;PS Pediatrico;49
21/01/2023;Cantù;PS Generale;58
21/01/2023;Cantù;PS Pediatrico;21
21/01/2023;Menaggio;PS Generale;21
21/01/2023;S. Fermo;PS Generale;88
21/01/2023;S. Fermo;PS Ostetrico-Ginecologico;22
21/01/2023;S. Fermo;PS Pediatrico;48
22/01/2023;Cantù;PS Generale;48
22/01/2023;Cantù;PS Pediatrico;23
22/01/2023;Menaggio;PS Generale;19
22/01/2023;S. Fermo;PS Generale;91
22/01/2023;S. Fermo;PS Ostetrico-Ginecologico;17
22/01/2023;S. Fermo;PS Pediatrico;51
23/01/2023;Cantù;PS Generale;59
23/01/2023;Cantù;PS Pediatrico;10
23/01/2023;Menaggio;PS Generale;23
23/01/2023;S. Fermo;PS Generale;111
23/01/2023;S. Fermo;PS Ostetrico-Ginecologico;25
23/01/2023;S. Fermo;PS Pediatrico;54
24/01/2023;Cantù;PS Generale;57
24/01/2023;Cantù;PS Pediatrico;16
24/01/2023;Menaggio;PS Generale;23
24/01/2023;S. Fermo;PS Generale;113
24/01/2023;S. Fermo;PS Ostetrico-Ginecologico;20
24/01/2023;S. Fermo;PS Pediatrico;42
25/01/2023;Cantù;PS Generale;57
25/01/2023;Cantù;PS Pediatrico;14
25/01/2023;Menaggio;PS Generale;16
25/01/2023;S. Fermo;PS Generale;104
25/01/2023;S. Fermo;PS Ostetrico-Ginecologico;20
25/01/2023;S. Fermo;PS Pediatrico;45
26/01/2023;Cantù;PS Generale;51
26/01/2023;Cantù;PS Pediatrico;13
26/01/2023;Menaggio;PS Generale;16
26/01/2023;S. Fermo;PS Generale;93
26/01/2023;S. Fermo;PS Ostetrico-Ginecologico;23
26/01/2023;S. Fermo;PS Pediatrico;45
27/01/2023;Cantù;PS Generale;60
27/01/2023;Cantù;PS Pediatrico;10
27/01/2023;Menaggio;PS Generale;20
27/01/2023;S. Fermo;PS Generale;95
27/01/2023;S. Fermo;PS Ostetrico-Ginecologico;24
27/01/2023;S. Fermo;PS Pediatrico;30
28/01/2023;Cantù;PS Generale;50
28/01/2023;Cantù;PS Pediatrico;26
28/01/2023;Menaggio;PS Generale;20
28/01/2023;S. Fermo;PS Generale;90
28/01/2023;S. Fermo;PS Ostetrico-Ginecologico;21
28/01/2023;S. Fermo;PS Pediatrico;50
29/01/2023;Cantù;PS Generale;53
29/01/2023;Cantù;PS Pediatrico;19
29/01/2023;Menaggio;PS Generale;7
29/01/2023;S. Fermo;PS Generale;101
29/01/2023;S. Fermo;PS Ostetrico-Ginecologico;19
29/01/2023;S. Fermo;PS Pediatrico;69
30/01/2023;Cantù;PS Generale;52
30/01/2023;Cantù;PS Pediatrico;20
30/01/2023;Menaggio;PS Generale;21
30/01/2023;S. Fermo;PS Generale;119
30/01/2023;S. Fermo;PS Ostetrico-Ginecologico;21
30/01/2023;S. Fermo;PS Pediatrico;40
31/01/2023;Cantù;PS Generale;62
31/01/2023;Cantù;PS Pediatrico;12
31/01/2023;Menaggio;PS Generale;17
31/01/2023;S. Fermo;PS Generale;113
31/01/2023;S. Fermo;PS Ostetrico-Ginecologico;20
31/01/2023;S. Fermo;PS Pediatrico;58
01/02/2023;Cantù;PS Generale;52
01/02/2023;Cantù;PS Pediatrico;7
01/02/2023;Menaggio;PS Generale;26
01/02/2023;S. Fermo;PS Generale;98
01/02/2023;S. Fermo;PS Ostetrico-Ginecologico;19
01/02/2023;S. Fermo;PS Pediatrico;35
02/02/2023;Cantù;PS Generale;56
02/02/2023;Cantù;PS Pediatrico;17
02/02/2023;Menaggio;PS Generale;13
02/02/2023;S. Fermo;PS Generale;109
02/02/2023;S. Fermo;PS Ostetrico-Ginecologico;14
02/02/2023;S. Fermo;PS Pediatrico;45
03/02/2023;Cantù;PS Generale;51
03/02/2023;Cantù;PS Pediatrico;20
03/02/2023;Menaggio;PS Generale;21
03/02/2023;S. Fermo;PS Generale;108
03/02/2023;S. Fermo;PS Ostetrico-Ginecologico;20
03/02/2023;S. Fermo;PS Pediatrico;45
04/02/2023;Cantù;PS Generale;46
04/02/2023;Cantù;PS Pediatrico;17
04/02/2023;Menaggio;PS Generale;20
04/02/2023;S. Fermo;PS Generale;114
04/02/2023;S. Fermo;PS Ostetrico-Ginecologico;11
04/02/2023;S. Fermo;PS Pediatrico;39
05/02/2023;Cantù;PS Generale;49
05/02/2023;Cantù;PS Pediatrico;13
05/02/2023;Menaggio;PS Generale;17
05/02/2023;S. Fermo;PS Generale;106
05/02/2023;S. Fermo;PS Ostetrico-Ginecologico;16
05/02/2023;S. Fermo;PS Pediatrico;63
06/02/2023;Cantù;PS Generale;52
06/02/2023;Cantù;PS Pediatrico;15
06/02/2023;Menaggio;PS Generale;21
06/02/2023;S. Fermo;PS Generale;107
06/02/2023;S. Fermo;PS Ostetrico-Ginecologico;19
06/02/2023;S. Fermo;PS Pediatrico;43
07/02/2023;Cantù;PS Generale;47
07/02/2023;Cantù;PS Pediatrico;15
07/02/2023;Menaggio;PS Generale;12
07/02/2023;S. Fermo;PS Generale;97
07/02/2023;S. Fermo;PS Ostetrico-Ginecologico;16
07/02/2023;S. Fermo;PS Pediatrico;37
08/02/2023;Cantù;PS Generale;50
08/02/2023;Cantù;PS Pediatrico;16
08/02/2023;Menaggio;PS Generale;12
08/02/2023;S. Fermo;PS Generale;98
08/02/2023;S. Fermo;PS Ostetrico-Ginecologico;16
08/02/2023;S. Fermo;PS Pediatrico;43
09/02/2023;Cantù;PS Generale;53
09/02/2023;Cantù;PS Pediatrico;12
09/02/2023;Menaggio;PS Generale;18
09/02/2023;S. Fermo;PS Generale;91
09/02/2023;S. Fermo;PS Ostetrico-Ginecologico;18
09/02/2023;S. Fermo;PS Pediatrico;33
10/02/2023;Cantù;PS Generale;57
10/02/2023;Cantù;PS Pediatrico;17
10/02/2023;Menaggio;PS Generale;18
10/02/2023;S. Fermo;PS Generale;111
10/02/2023;S. Fermo;PS Ostetrico-Ginecologico;30
10/02/2023;S. Fermo;PS Pediatrico;50
11/02/2023;Cantù;PS Generale;55
11/02/2023;Cantù;PS Pediatrico;17
11/02/2023;Menaggio;PS Generale;25
11/02/2023;S. Fermo;PS Generale;74
11/02/2023;S. Fermo;PS Ostetrico-Ginecologico;18
11/02/2023;S. Fermo;PS Pediatrico;51
12/02/2023;Cantù;PS Generale;55
12/02/2023;Cantù;PS Pediatrico;12
12/02/2023;Menaggio;PS Generale;10
12/02/2023;S. Fermo;PS Generale;83
12/02/2023;S. Fermo;PS Ostetrico-Ginecologico;12
12/02/2023;S. Fermo;PS Pediatrico;65
13/02/2023;Cantù;PS Generale;60
13/02/2023;Cantù;PS Pediatrico;15
13/02/2023;Menaggio;PS Generale;28
13/02/2023;S. Fermo;PS Generale;104
13/02/2023;S. Fermo;PS Ostetrico-Ginecologico;13
13/02/2023;S. Fermo;PS Pediatrico;38
14/02/2023;Cantù;PS Generale;53
14/02/2023;Cantù;PS Pediatrico;6
14/02/2023;Menaggio;PS Generale;21
14/02/2023;S. Fermo;PS Generale;93
14/02/2023;S. Fermo;PS Ostetrico-Ginecologico;23
14/02/2023;S. Fermo;PS Pediatrico;44
15/02/2023;Cantù;PS Generale;48
15/02/2023;Cantù;PS Pediatrico;11
15/02/2023;Menaggio;PS Generale;15
15/02/2023;S. Fermo;PS Generale;99
15/02/2023;S. Fermo;PS Ostetrico-Ginecologico;17
15/02/2023;S. Fermo;PS Pediatrico;40
16/02/2023;Cantù;PS Generale;54
16/02/2023;Cantù;PS Pediatrico;13
16/02/2023;Menaggio;PS Generale;16
16/02/2023;S. Fermo;PS Generale;113
16/02/2023;S. Fermo;PS Ostetrico-Ginecologico;16
16/02/2023;S. Fermo;PS Pediatrico;40
17/02/2023;Cantù;PS Generale;37
17/02/2023;Cantù;PS Pediatrico;13
17/02/2023;Menaggio;PS Generale;16
17/02/2023;S. Fermo;PS Generale;106
17/02/2023;S. Fermo;PS Ostetrico-Ginecologico;21
17/02/2023;S. Fermo;PS Pediatrico;47
18/02/2023;Cantù;PS Generale;53
18/02/2023;Cantù;PS Pediatrico;17
18/02/2023;Menaggio;PS Generale;15
18/02/2023;S. Fermo;PS Generale;98
18/02/2023;S. Fermo;PS Ostetrico-Ginecologico;25
18/02/2023;S. Fermo;PS Pediatrico;56
19/02/2023;Cantù;PS Generale;46
19/02/2023;Cantù;PS Pediatrico;20
19/02/2023;Menaggio;PS Generale;19
19/02/2023;S. Fermo;PS Generale;97
19/02/2023;S. Fermo;PS Ostetrico-Ginecologico;20
19/02/2023;S. Fermo;PS Pediatrico;53
20/02/2023;Cantù;PS Generale;65
20/02/2023;Cantù;PS Pediatrico;14
20/02/2023;Menaggio;PS Generale;32
20/02/2023;S. Fermo;PS Generale;101
20/02/2023;S. Fermo;PS Ostetrico-Ginecologico;19
20/02/2023;S. Fermo;PS Pediatrico;47
21/02/2023;Cantù;PS Generale;54
21/02/2023;Cantù;PS Pediatrico;8
21/02/2023;Menaggio;PS Generale;26
21/02/2023;S. Fermo;PS Generale;110
21/02/2023;S. Fermo;PS Ostetrico-Ginecologico;15
21/02/2023;S. Fermo;PS Pediatrico;50
22/02/2023;Cantù;PS Generale;53
22/02/2023;Cantù;PS Pediatrico;12
22/02/2023;Menaggio;PS Generale;19
22/02/2023;S. Fermo;PS Generale;94
22/02/2023;S. Fermo;PS Ostetrico-Ginecologico;22
22/02/2023;S. Fermo;PS Pediatrico;36
23/02/2023;Cantù;PS Generale;45
23/02/2023;Cantù;PS Pediatrico;12
23/02/2023;Menaggio;PS Generale;14
23/02/2023;S. Fermo;PS Generale;92
23/02/2023;S. Fermo;PS Ostetrico-Ginecologico;17
23/02/2023;S. Fermo;PS Pediatrico;43
24/02/2023;Cantù;PS Generale;62
24/02/2023;Cantù;PS Pediatrico;10
24/02/2023;Menaggio;PS Generale;19
24/02/2023;S. Fermo;PS Generale;105
24/02/2023;S. Fermo;PS Ostetrico-Ginecologico;18
24/02/2023;S. Fermo;PS Pediatrico;52
25/02/2023;Cantù;PS Generale;44
25/02/2023;Cantù;PS Pediatrico;20
25/02/2023;Menaggio;PS Generale;22
25/02/2023;S. Fermo;PS Generale;92
25/02/2023;S. Fermo;PS Ostetrico-Ginecologico;21
25/02/2023;S. Fermo;PS Pediatrico;60
26/02/2023;Cantù;PS Generale;57
26/02/2023;Cantù;PS Pediatrico;10
26/02/2023;Menaggio;PS Generale;13
26/02/2023;S. Fermo;PS Generale;83
26/02/2023;S. Fermo;PS Ostetrico-Ginecologico;21
26/02/2023;S. Fermo;PS Pediatrico;72
27/02/2023;Cantù;PS Generale;60
27/02/2023;Cantù;PS Pediatrico;15
27/02/2023;Menaggio;PS Generale;24
27/02/2023;S. Fermo;PS Generale;107
27/02/2023;S. Fermo;PS Ostetrico-Ginecologico;22
27/02/2023;S. Fermo;PS Pediatrico;32
28/02/2023;Cantù;PS Generale;53
28/02/2023;Cantù;PS Pediatrico;13
28/02/2023;Menaggio;PS Generale;14
28/02/2023;S. Fermo;PS Generale;95
28/02/2023;S. Fermo;PS Ostetrico-Ginecologico;33
28/02/2023;S. Fermo;PS Pediatrico;48
01/03/2023;Cantù;PS Generale;55
01/03/2023;Cantù;PS Pediatrico;10
01/03/2023;Menaggio;PS Generale;19
01/03/2023;S. Fermo;PS Generale;90
01/03/2023;S. Fermo;PS Ostetrico-Ginecologico;17
01/03/2023;S. Fermo;PS Pediatrico;36
02/03/2023;Cantù;PS Generale;51
02/03/2023;Cantù;PS Pediatrico;14
02/03/2023;Menaggio;PS Generale;16
02/03/2023;S. Fermo;PS Generale;102
02/03/2023;S. Fermo;PS Ostetrico-Ginecologico;23
02/03/2023;S. Fermo;PS Pediatrico;39
03/03/2023;Cantù;PS Generale;56
03/03/2023;Cantù;PS Pediatrico;12
03/03/2023;Menaggio;PS Generale;20
03/03/2023;S. Fermo;PS Generale;130
03/03/2023;S. Fermo;PS Ostetrico-Ginecologico;25
03/03/2023;S. Fermo;PS Pediatrico;36
04/03/2023;Cantù;PS Generale;49
04/03/2023;Cantù;PS Pediatrico;18
04/03/2023;Menaggio;PS Generale;13
04/03/2023;S. Fermo;PS Generale;92
04/03/2023;S. Fermo;PS Ostetrico-Ginecologico;16
04/03/2023;S. Fermo;PS Pediatrico;45
05/03/2023;Cantù;PS Generale;47
05/03/2023;Cantù;PS Pediatrico;19
05/03/2023;Menaggio;PS Generale;15
05/03/2023;S. Fermo;PS Generale;119
05/03/2023;S. Fermo;PS Ostetrico-Ginecologico;17
05/03/2023;S. Fermo;PS Pediatrico;54
06/03/2023;Cantù;PS Generale;60
06/03/2023;Cantù;PS Pediatrico;18
06/03/2023;Menaggio;PS Generale;15
06/03/2023;S. Fermo;PS Generale;111
06/03/2023;S. Fermo;PS Ostetrico-Ginecologico;15
06/03/2023;S. Fermo;PS Pediatrico;45
07/03/2023;Cantù;PS Generale;51
07/03/2023;Cantù;PS Pediatrico;11
07/03/2023;Menaggio;PS Generale;19
07/03/2023;S. Fermo;PS Generale;95
07/03/2023;S. Fermo;PS Ostetrico-Ginecologico;22
07/03/2023;S. Fermo;PS Pediatrico;52
08/03/2023;Cantù;PS Generale;56
08/03/2023;Cantù;PS Pediatrico;16
08/03/2023;Menaggio;PS Generale;18
08/03/2023;S. Fermo;PS Generale;111
08/03/2023;S. Fermo;PS Ostetrico-Ginecologico;21
08/03/2023;S. Fermo;PS Pediatrico;44
09/03/2023;Cantù;PS Generale;63
09/03/2023;Cantù;PS Pediatrico;10
09/03/2023;Menaggio;PS Generale;14
09/03/2023;S. Fermo;PS Generale;108
09/03/2023;S. Fermo;PS Ostetrico-Ginecologico;18
09/03/2023;S. Fermo;PS Pediatrico;33
10/03/2023;Cantù;PS Generale;51
10/03/2023;Cantù;PS Pediatrico;11
10/03/2023;Menaggio;PS Generale;18
10/03/2023;S. Fermo;PS Generale;105
10/03/2023;S. Fermo;PS Ostetrico-Ginecologico;26
10/03/2023;S. Fermo;PS Pediatrico;41
11/03/2023;Cantù;PS Generale;58
11/03/2023;Cantù;PS Pediatrico;16
11/03/2023;Menaggio;PS Generale;19
11/03/2023;S. Fermo;PS Generale;83
11/03/2023;S. Fermo;PS Ostetrico-Ginecologico;16
11/03/2023;S. Fermo;PS Pediatrico;56
12/03/2023;Cantù;PS Generale;49
12/03/2023;Cantù;PS Pediatrico;17
12/03/2023;Menaggio;PS Generale;25
12/03/2023;S. Fermo;PS Generale;100
12/03/2023;S. Fermo;PS Ostetrico-Ginecologico;13
12/03/2023;S. Fermo;PS Pediatrico;61
13/03/2023;Cantù;PS Generale;56
13/03/2023;Cantù;PS Pediatrico;20
13/03/2023;Menaggio;PS Generale;20
13/03/2023;S. Fermo;PS Generale;97
13/03/2023;S. Fermo;PS Ostetrico-Ginecologico;23
13/03/2023;S. Fermo;PS Pediatrico;57
14/03/2023;Cantù;PS Generale;56
14/03/2023;Cantù;PS Pediatrico;11
14/03/2023;Menaggio;PS Generale;22
14/03/2023;S. Fermo;PS Generale;95
14/03/2023;S. Fermo;PS Ostetrico-Ginecologico;16
14/03/2023;S. Fermo;PS Pediatrico;36
15/03/2023;Cantù;PS Generale;51
15/03/2023;Cantù;PS Pediatrico;12
15/03/2023;Menaggio;PS Generale;21
15/03/2023;S. Fermo;PS Generale;106
15/03/2023;S. Fermo;PS Ostetrico-Ginecologico;17
15/03/2023;S. Fermo;PS Pediatrico;48
16/03/2023;Cantù;PS Generale;51
16/03/2023;Cantù;PS Pediatrico;14
16/03/2023;Menaggio;PS Generale;16
16/03/2023;S. Fermo;PS Generale;88
16/03/2023;S. Fermo;PS Ostetrico-Ginecologico;22
16/03/2023;S. Fermo;PS Pediatrico;39
17/03/2023;Cantù;PS Generale;52
17/03/2023;Cantù;PS Pediatrico;12
17/03/2023;Menaggio;PS Generale;19
17/03/2023;S. Fermo;PS Generale;96
17/03/2023;S. Fermo;PS Ostetrico-Ginecologico;20
17/03/2023;S. Fermo;PS Pediatrico;54
18/03/2023;Cantù;PS Generale;43
18/03/2023;Cantù;PS Pediatrico;24
18/03/2023;Menaggio;PS Generale;20
18/03/2023;S. Fermo;PS Generale;88
18/03/2023;S. Fermo;PS Ostetrico-Ginecologico;11
18/03/2023;S. Fermo;PS Pediatrico;56
19/03/2023;Cantù;PS Generale;46
19/03/2023;Cantù;PS Pediatrico;26
19/03/2023;Menaggio;PS Generale;16
19/03/2023;S. Fermo;PS Generale;110
19/03/2023;S. Fermo;PS Ostetrico-Ginecologico;24
19/03/2023;S. Fermo;PS Pediatrico;57
20/03/2023;Cantù;PS Generale;61
20/03/2023;Cantù;PS Pediatrico;9
20/03/2023;Menaggio;PS Generale;28
20/03/2023;S. Fermo;PS Generale;113
20/03/2023;S. Fermo;PS Ostetrico-Ginecologico;14
20/03/2023;S. Fermo;PS Pediatrico;42
21/03/2023;Cantù;PS Generale;44
21/03/2023;Cantù;PS Pediatrico;17
21/03/2023;Menaggio;PS Generale;16
21/03/2023;S. Fermo;PS Generale;99
21/03/2023;S. Fermo;PS Ostetrico-Ginecologico;13
21/03/2023;S. Fermo;PS Pediatrico;36
22/03/2023;Cantù;PS Generale;50
22/03/2023;Cantù;PS Pediatrico;15
22/03/2023;Menaggio;PS Generale;15
22/03/2023;S. Fermo;PS Generale;106
22/03/2023;S. Fermo;PS Ostetrico-Ginecologico;20
22/03/2023;S. Fermo;PS Pediatrico;39
23/03/2023;Cantù;PS Generale;49
23/03/2023;Cantù;PS Pediatrico;13
23/03/2023;Menaggio;PS Generale;26
23/03/2023;S. Fermo;PS Generale;93
23/03/2023;S. Fermo;PS Ostetrico-Ginecologico;13
23/03/2023;S. Fermo;PS Pediatrico;42
24/03/2023;Cantù;PS Generale;68
24/03/2023;Cantù;PS Pediatrico;15
24/03/2023;Menaggio;PS Generale;24
24/03/2023;S. Fermo;PS Generale;102
24/03/2023;S. Fermo;PS Ostetrico-Ginecologico;17
24/03/2023;S. Fermo;PS Pediatrico;46
25/03/2023;Cantù;PS Generale;64
25/03/2023;Cantù;PS Pediatrico;16
25/03/2023;Menaggio;PS Generale;26
25/03/2023;S. Fermo;PS Generale;104
25/03/2023;S. Fermo;PS Ostetrico-Ginecologico;13
25/03/2023;S. Fermo;PS Pediatrico;49
26/03/2023;Cantù;PS Generale;50
26/03/2023;Cantù;PS Pediatrico;17
26/03/2023;Menaggio;PS Generale;15
26/03/2023;S. Fermo;PS Generale;103
26/03/2023;S. Fermo;PS Ostetrico-Ginecologico;18
26/03/2023;S. Fermo;PS Pediatrico;50
27/03/2023;Cantù;PS Generale;58
27/03/2023;Cantù;PS Pediatrico;15
27/03/2023;Menaggio;PS Generale;32
27/03/2023;S. Fermo;PS Generale;129
27/03/2023;S. Fermo;PS Ostetrico-Ginecologico;16
27/03/2023;S. Fermo;PS Pediatrico;57
28/03/2023;Cantù;PS Generale;44
28/03/2023;Cantù;PS Pediatrico;17
28/03/2023;Menaggio;PS Generale;20
28/03/2023;S. Fermo;PS Generale;95
28/03/2023;S. Fermo;PS Ostetrico-Ginecologico;11
28/03/2023;S. Fermo;PS Pediatrico;36
29/03/2023;Cantù;PS Generale;46
29/03/2023;Cantù;PS Pediatrico;15
29/03/2023;Menaggio;PS Generale;22
29/03/2023;S. Fermo;PS Generale;97
29/03/2023;S. Fermo;PS Ostetrico-Ginecologico;17
29/03/2023;S. Fermo;PS Pediatrico;34
30/03/2023;Cantù;PS Generale;56
30/03/2023;Cantù;PS Pediatrico;14
30/03/2023;Menaggio;PS Generale;15
30/03/2023;S. Fermo;PS Generale;93
30/03/2023;S. Fermo;PS Ostetrico-Ginecologico;18
30/03/2023;S. Fermo;PS Pediatrico;43
31/03/2023;Cantù;PS Generale;52
31/03/2023;Cantù;PS Pediatrico;21
31/03/2023;Menaggio;PS Generale;17
31/03/2023;S. Fermo;PS Generale;106
31/03/2023;S. Fermo;PS Ostetrico-Ginecologico;21
31/03/2023;S. Fermo;PS Pediatrico;43
01/04/2023;Cantù;PS Generale;50
01/04/2023;Cantù;PS Pediatrico;36
01/04/2023;Menaggio;PS Generale;15
01/04/2023;S. Fermo;PS Generale;104
01/04/2023;S. Fermo;PS Ostetrico-Ginecologico;23
01/04/2023;S. Fermo;PS Pediatrico;33
02/04/2023;Cantù;PS Generale;61
02/04/2023;Cantù;PS Pediatrico;25
02/04/2023;Menaggio;PS Generale;12
02/04/2023;S. Fermo;PS Generale;105
02/04/2023;S. Fermo;PS Ostetrico-Ginecologico;12
02/04/2023;S. Fermo;PS Pediatrico;64
03/04/2023;Cantù;PS Generale;57
03/04/2023;Cantù;PS Pediatrico;15
03/04/2023;Menaggio;PS Generale;21
03/04/2023;S. Fermo;PS Generale;131
03/04/2023;S. Fermo;PS Pediatrico;35
04/04/2023;Cantù;PS Generale;66
04/04/2023;Cantù;PS Pediatrico;9
04/04/2023;Menaggio;PS Generale;27
04/04/2023;S. Fermo;PS Generale;113
04/04/2023;S. Fermo;PS Pediatrico;44
05/04/2023;Cantù;PS Generale;53
05/04/2023;Cantù;PS Pediatrico;9
05/04/2023;Menaggio;PS Generale;31
05/04/2023;S. Fermo;PS Generale;128
05/04/2023;S. Fermo;PS Pediatrico;51
06/04/2023;Cantù;PS Generale;58
06/04/2023;Cantù;PS Pediatrico;14
06/04/2023;Menaggio;PS Generale;19
06/04/2023;S. Fermo;PS Generale;131
06/04/2023;S. Fermo;PS Pediatrico;33
07/04/2023;Cantù;PS Generale;47
07/04/2023;Cantù;PS Pediatrico;9
07/04/2023;Menaggio;PS Generale;12
07/04/2023;S. Fermo;PS Generale;120
07/04/2023;S. Fermo;PS Pediatrico;31
08/04/2023;Cantù;PS Generale;50
08/04/2023;Cantù;PS Pediatrico;19
08/04/2023;Menaggio;PS Generale;12
08/04/2023;S. Fermo;PS Generale;94
08/04/2023;S. Fermo;PS Pediatrico;50
09/04/2023;Cantù;PS Generale;42
09/04/2023;Cantù;PS Pediatrico;15
09/04/2023;Menaggio;PS Generale;23
09/04/2023;S. Fermo;PS Generale;89
09/04/2023;S. Fermo;PS Pediatrico;45
10/04/2023;Cantù;PS Generale;50
10/04/2023;Cantù;PS Pediatrico;25
10/04/2023;Menaggio;PS Generale;19
10/04/2023;S. Fermo;PS Generale;103
10/04/2023;S. Fermo;PS Pediatrico;55
11/04/2023;Cantù;PS Generale;73
11/04/2023;Cantù;PS Pediatrico;15
11/04/2023;Menaggio;PS Generale;35
11/04/2023;S. Fermo;PS Generale;118
11/04/2023;S. Fermo;PS Pediatrico;46
12/04/2023;Cantù;PS Generale;54
12/04/2023;Cantù;PS Pediatrico;15
12/04/2023;Menaggio;PS Generale;20
12/04/2023;S. Fermo;PS Generale;120
12/04/2023;S. Fermo;PS Pediatrico;38
13/04/2023;Cantù;PS Generale;56
13/04/2023;Cantù;PS Pediatrico;19
13/04/2023;Menaggio;PS Generale;23
13/04/2023;S. Fermo;PS Generale;125
13/04/2023;S. Fermo;PS Pediatrico;38
14/04/2023;Cantù;PS Generale;63
14/04/2023;Cantù;PS Pediatrico;16
14/04/2023;Menaggio;PS Generale;28
14/04/2023;S. Fermo;PS Generale;132
14/04/2023;S. Fermo;PS Pediatrico;32
15/04/2023;Cantù;PS Generale;59
15/04/2023;Cantù;PS Pediatrico;19
15/04/2023;Menaggio;PS Generale;12
15/04/2023;S. Fermo;PS Generale;120
15/04/2023;S. Fermo;PS Pediatrico;54
16/04/2023;Cantù;PS Generale;68
16/04/2023;Cantù;PS Pediatrico;19
16/04/2023;Menaggio;PS Generale;23
16/04/2023;S. Fermo;PS Generale;106
16/04/2023;S. Fermo;PS Pediatrico;57
17/04/2023;Cantù;PS Generale;63
17/04/2023;Cantù;PS Pediatrico;12
17/04/2023;Menaggio;PS Generale;35
17/04/2023;S. Fermo;PS Generale;146
17/04/2023;S. Fermo;PS Pediatrico;47
18/04/2023;Cantù;PS Generale;58
18/04/2023;Cantù;PS Pediatrico;10
18/04/2023;Menaggio;PS Generale;24
18/04/2023;S. Fermo;PS Generale;126
18/04/2023;S. Fermo;PS Pediatrico;37
19/04/2023;Cantù;PS Generale;69
19/04/2023;Cantù;PS Pediatrico;15
19/04/2023;Menaggio;PS Generale;21
19/04/2023;S. Fermo;PS Generale;136
19/04/2023;S. Fermo;PS Pediatrico;44
20/04/2023;Cantù;PS Generale;59
20/04/2023;Cantù;PS Pediatrico;16
20/04/2023;Menaggio;PS Generale;17
20/04/2023;S. Fermo;PS Generale;117
20/04/2023;S. Fermo;PS Pediatrico;39
21/04/2023;Cantù;PS Generale;61
21/04/2023;Cantù;PS Pediatrico;17
21/04/2023;Menaggio;PS Generale;19
21/04/2023;S. Fermo;PS Generale;121
21/04/2023;S. Fermo;PS Pediatrico;43
22/04/2023;Cantù;PS Generale;61
22/04/2023;Cantù;PS Pediatrico;25
22/04/2023;Menaggio;PS Generale;19
22/04/2023;S. Fermo;PS Generale;115
22/04/2023;S. Fermo;PS Pediatrico;45
23/04/2023;Cantù;PS Generale;54
23/04/2023;Cantù;PS Pediatrico;21
23/04/2023;Menaggio;PS Generale;22
23/04/2023;S. Fermo;PS Generale;112
23/04/2023;S. Fermo;PS Pediatrico;57
24/04/2023;Cantù;PS Generale;72
24/04/2023;Cantù;PS Pediatrico;12
24/04/2023;Menaggio;PS Generale;36
24/04/2023;S. Fermo;PS Generale;156
24/04/2023;S. Fermo;PS Pediatrico;50
25/04/2023;Cantù;PS Generale;57
25/04/2023;Cantù;PS Pediatrico;27
25/04/2023;Menaggio;PS Generale;18
25/04/2023;S. Fermo;PS Generale;123
25/04/2023;S. Fermo;PS Pediatrico;53
26/04/2023;Cantù;PS Generale;74
26/04/2023;Cantù;PS Pediatrico;18
26/04/2023;Menaggio;PS Generale;29
26/04/2023;S. Fermo;PS Generale;147
26/04/2023;S. Fermo;PS Pediatrico;47
27/04/2023;Cantù;PS Generale;59
27/04/2023;Cantù;PS Pediatrico;14
27/04/2023;Menaggio;PS Generale;25
27/04/2023;S. Fermo;PS Generale;117
27/04/2023;S. Fermo;PS Pediatrico;56
28/04/2023;Cantù;PS Generale;69
28/04/2023;Cantù;PS Pediatrico;16
28/04/2023;Menaggio;PS Generale;21
28/04/2023;S. Fermo;PS Generale;130
28/04/2023;S. Fermo;PS Pediatrico;37
29/04/2023;Cantù;PS Generale;53
29/04/2023;Cantù;PS Pediatrico;17
29/04/2023;Menaggio;PS Generale;18
29/04/2023;S. Fermo;PS Generale;108
29/04/2023;S. Fermo;PS Pediatrico;63
30/04/2023;Cantù;PS Generale;46
30/04/2023;Cantù;PS Pediatrico;19
30/04/2023;Menaggio;PS Generale;18
30/04/2023;S. Fermo;PS Generale;109
30/04/2023;S. Fermo;PS Pediatrico;61
01/05/2023;Cantù;PS Generale;47
01/05/2023;Cantù;PS Pediatrico;21
01/05/2023;Menaggio;PS Generale;10
01/05/2023;S. Fermo;PS Generale;103
01/05/2023;S. Fermo;PS Pediatrico;61
02/05/2023;Cantù;PS Generale;71
02/05/2023;Cantù;PS Pediatrico;18
02/05/2023;Menaggio;PS Generale;34
02/05/2023;S. Fermo;PS Generale;158
02/05/2023;S. Fermo;PS Pediatrico;38
03/05/2023;Cantù;PS Generale;63
03/05/2023;Cantù;PS Pediatrico;17
03/05/2023;Menaggio;PS Generale;23
03/05/2023;S. Fermo;PS Generale;125
03/05/2023;S. Fermo;PS Pediatrico;42
04/05/2023;Cantù;PS Generale;55
04/05/2023;Cantù;PS Pediatrico;19
04/05/2023;Menaggio;PS Generale;24
04/05/2023;S. Fermo;PS Generale;118
04/05/2023;S. Fermo;PS Pediatrico;40
05/05/2023;Cantù;PS Generale;49
05/05/2023;Cantù;PS Pediatrico;17
05/05/2023;Menaggio;PS Generale;19
05/05/2023;S. Fermo;PS Generale;148
05/05/2023;S. Fermo;PS Pediatrico;56
06/05/2023;Cantù;PS Generale;56
06/05/2023;Cantù;PS Pediatrico;20
06/05/2023;Menaggio;PS Generale;24
06/05/2023;S. Fermo;PS Generale;134
06/05/2023;S. Fermo;PS Pediatrico;55
07/05/2023;Cantù;PS Generale;49
07/05/2023;Cantù;PS Pediatrico;26
07/05/2023;Menaggio;PS Generale;25
07/05/2023;S. Fermo;PS Generale;112
07/05/2023;S. Fermo;PS Pediatrico;62
08/05/2023;Cantù;PS Generale;53
08/05/2023;Cantù;PS Pediatrico;27
08/05/2023;Menaggio;PS Generale;33
08/05/2023;S. Fermo;PS Generale;127
08/05/2023;S. Fermo;PS Pediatrico;59
09/05/2023;Cantù;PS Generale;46
09/05/2023;Cantù;PS Pediatrico;19
09/05/2023;Menaggio;PS Generale;29
09/05/2023;S. Fermo;PS Generale;141
09/05/2023;S. Fermo;PS Pediatrico;36
10/05/2023;Cantù;PS Generale;47
10/05/2023;Cantù;PS Pediatrico;13
10/05/2023;Menaggio;PS Generale;17
10/05/2023;S. Fermo;PS Generale;130
10/05/2023;S. Fermo;PS Pediatrico;36
11/05/2023;Cantù;PS Generale;53
11/05/2023;Cantù;PS Pediatrico;9
11/05/2023;Menaggio;PS Generale;15
11/05/2023;S. Fermo;PS Generale;127
11/05/2023;S. Fermo;PS Pediatrico;36
12/05/2023;Cantù;PS Generale;51
12/05/2023;Cantù;PS Pediatrico;15
12/05/2023;Menaggio;PS Generale;21
12/05/2023;S. Fermo;PS Generale;140
12/05/2023;S. Fermo;PS Pediatrico;41
13/05/2023;Cantù;PS Generale;58
13/05/2023;Cantù;PS Pediatrico;22
13/05/2023;Menaggio;PS Generale;19
13/05/2023;S. Fermo;PS Generale;115
13/05/2023;S. Fermo;PS Pediatrico;45
14/05/2023;Cantù;PS Generale;55
14/05/2023;Cantù;PS Pediatrico;31
14/05/2023;Menaggio;PS Generale;19
14/05/2023;S. Fermo;PS Generale;121
14/05/2023;S. Fermo;PS Pediatrico;45
15/05/2023;Cantù;PS Generale;51
15/05/2023;Cantù;PS Pediatrico;13
15/05/2023;Menaggio;PS Generale;24
15/05/2023;S. Fermo;PS Generale;131
15/05/2023;S. Fermo;PS Pediatrico;43
16/05/2023;Cantù;PS Generale;51
16/05/2023;Cantù;PS Pediatrico;12
16/05/2023;Menaggio;PS Generale;27
16/05/2023;S. Fermo;PS Generale;126
16/05/2023;S. Fermo;PS Pediatrico;33
17/05/2023;Cantù;PS Generale;56
17/05/2023;Cantù;PS Pediatrico;18
17/05/2023;Menaggio;PS Generale;17
17/05/2023;S. Fermo;PS Generale;118
17/05/2023;S. Fermo;PS Pediatrico;35
18/05/2023;Cantù;PS Generale;55
18/05/2023;Cantù;PS Pediatrico;22
18/05/2023;Menaggio;PS Generale;25
18/05/2023;S. Fermo;PS Generale;138
18/05/2023;S. Fermo;PS Pediatrico;36
19/05/2023;Cantù;PS Generale;48
19/05/2023;Cantù;PS Pediatrico;21
19/05/2023;Menaggio;PS Generale;27
19/05/2023;S. Fermo;PS Generale;132
19/05/2023;S. Fermo;PS Pediatrico;29
20/05/2023;Cantù;PS Generale;57
20/05/2023;Cantù;PS Pediatrico;23
20/05/2023;Menaggio;PS Generale;21
20/05/2023;S. Fermo;PS Generale;120
20/05/2023;S. Fermo;PS Pediatrico;52
21/05/2023;Cantù;PS Generale;55
21/05/2023;Cantù;PS Pediatrico;23
21/05/2023;Menaggio;PS Generale;14
21/05/2023;S. Fermo;PS Generale;113
21/05/2023;S. Fermo;PS Pediatrico;64
22/05/2023;Cantù;PS Generale;59
22/05/2023;Cantù;PS Pediatrico;22
22/05/2023;Menaggio;PS Generale;27
22/05/2023;S. Fermo;PS Generale;142
22/05/2023;S. Fermo;PS Pediatrico;50
23/05/2023;Cantù;PS Generale;54
23/05/2023;Cantù;PS Pediatrico;16
23/05/2023;Menaggio;PS Generale;20
23/05/2023;S. Fermo;PS Generale;130
23/05/2023;S. Fermo;PS Pediatrico;41
24/05/2023;Cantù;PS Generale;59
24/05/2023;Cantù;PS Pediatrico;20
24/05/2023;Menaggio;PS Generale;23
24/05/2023;S. Fermo;PS Generale;127
24/05/2023;S. Fermo;PS Pediatrico;41
25/05/2023;Cantù;PS Generale;59
25/05/2023;Cantù;PS Pediatrico;13
25/05/2023;Menaggio;PS Generale;25
25/05/2023;S. Fermo;PS Generale;127
25/05/2023;S. Fermo;PS Pediatrico;54
26/05/2023;Cantù;PS Generale;65
26/05/2023;Cantù;PS Pediatrico;21
26/05/2023;Menaggio;PS Generale;24
26/05/2023;S. Fermo;PS Generale;133
26/05/2023;S. Fermo;PS Pediatrico;52
27/05/2023;Cantù;PS Generale;59
27/05/2023;Cantù;PS Pediatrico;20
27/05/2023;Menaggio;PS Generale;22
27/05/2023;S. Fermo;PS Generale;126
27/05/2023;S. Fermo;PS Pediatrico;65
28/05/2023;Cantù;PS Generale;47
28/05/2023;Cantù;PS Pediatrico;24
28/05/2023;Menaggio;PS Generale;17
28/05/2023;S. Fermo;PS Generale;94
28/05/2023;S. Fermo;PS Pediatrico;69
29/05/2023;Cantù;PS Generale;73
29/05/2023;Cantù;PS Pediatrico;22
29/05/2023;Menaggio;PS Generale;30
29/05/2023;S. Fermo;PS Generale;145
29/05/2023;S. Fermo;PS Pediatrico;57
30/05/2023;Cantù;PS Generale;70
30/05/2023;Cantù;PS Pediatrico;20
30/05/2023;Menaggio;PS Generale;25
30/05/2023;S. Fermo;PS Generale;129
30/05/2023;S. Fermo;PS Pediatrico;51
31/05/2023;Cantù;PS Generale;53
31/05/2023;Cantù;PS Pediatrico;17
31/05/2023;Menaggio;PS Generale;18
31/05/2023;S. Fermo;PS Generale;132
31/05/2023;S. Fermo;PS Pediatrico;37
01/06/2023;Cantù;PS Generale;64
01/06/2023;Cantù;PS Pediatrico;18
01/06/2023;Menaggio;PS Generale;18
01/06/2023;S. Fermo;PS Generale;132
01/06/2023;S. Fermo;PS Pediatrico;46
02/06/2023;Cantù;PS Generale;52
02/06/2023;Cantù;PS Pediatrico;30
02/06/2023;Menaggio;PS Generale;22
02/06/2023;S. Fermo;PS Generale;104
02/06/2023;S. Fermo;PS Pediatrico;51
03/06/2023;Cantù;PS Generale;58
03/06/2023;Cantù;PS Pediatrico;33
03/06/2023;Menaggio;PS Generale;24
03/06/2023;S. Fermo;PS Generale;114
03/06/2023;S. Fermo;PS Pediatrico;57
04/06/2023;Cantù;PS Generale;65
04/06/2023;Cantù;PS Pediatrico;23
04/06/2023;Menaggio;PS Generale;18
04/06/2023;S. Fermo;PS Generale;113
04/06/2023;S. Fermo;PS Pediatrico;63
05/06/2023;Cantù;PS Generale;72
05/06/2023;Cantù;PS Pediatrico;21
05/06/2023;Menaggio;PS Generale;32
05/06/2023;S. Fermo;PS Generale;148
05/06/2023;S. Fermo;PS Pediatrico;42
06/06/2023;Cantù;PS Generale;62
06/06/2023;Cantù;PS Pediatrico;13
06/06/2023;Menaggio;PS Generale;19
06/06/2023;S. Fermo;PS Generale;144
06/06/2023;S. Fermo;PS Pediatrico;36
07/06/2023;Cantù;PS Generale;66
07/06/2023;Cantù;PS Pediatrico;15
07/06/2023;Menaggio;PS Generale;31
07/06/2023;S. Fermo;PS Generale;128
07/06/2023;S. Fermo;PS Pediatrico;26
08/06/2023;Cantù;PS Generale;67
08/06/2023;Cantù;PS Pediatrico;14
08/06/2023;Menaggio;PS Generale;29
08/06/2023;S. Fermo;PS Generale;117
08/06/2023;S. Fermo;PS Pediatrico;36
09/06/2023;Cantù;PS Generale;59
09/06/2023;Cantù;PS Pediatrico;19
09/06/2023;Menaggio;PS Generale;17
09/06/2023;S. Fermo;PS Generale;111
09/06/2023;S. Fermo;PS Pediatrico;45
10/06/2023;Cantù;PS Generale;49
10/06/2023;Cantù;PS Pediatrico;19
10/06/2023;Menaggio;PS Generale;24
10/06/2023;S. Fermo;PS Generale;111
10/06/2023;S. Fermo;PS Pediatrico;58
11/06/2023;Cantù;PS Generale;59
11/06/2023;Cantù;PS Pediatrico;15
11/06/2023;Menaggio;PS Generale;20
11/06/2023;S. Fermo;PS Generale;111
11/06/2023;S. Fermo;PS Pediatrico;48
12/06/2023;Cantù;PS Generale;76
12/06/2023;Cantù;PS Pediatrico;15
12/06/2023;Menaggio;PS Generale;27
12/06/2023;S. Fermo;PS Generale;132
12/06/2023;S. Fermo;PS Pediatrico;30
13/06/2023;Cantù;PS Generale;49
13/06/2023;Cantù;PS Pediatrico;19
13/06/2023;Menaggio;PS Generale;23
13/06/2023;S. Fermo;PS Generale;120
13/06/2023;S. Fermo;PS Pediatrico;44
14/06/2023;Cantù;PS Generale;67
14/06/2023;Cantù;PS Pediatrico;18
14/06/2023;Menaggio;PS Generale;23
14/06/2023;S. Fermo;PS Generale;118
14/06/2023;S. Fermo;PS Pediatrico;31
15/06/2023;Cantù;PS Generale;58
15/06/2023;Cantù;PS Pediatrico;16
15/06/2023;Menaggio;PS Generale;9
15/06/2023;S. Fermo;PS Generale;108
15/06/2023;S. Fermo;PS Pediatrico;38
16/06/2023;Cantù;PS Generale;57
16/06/2023;Cantù;PS Pediatrico;14
16/06/2023;Menaggio;PS Generale;20
16/06/2023;S. Fermo;PS Generale;112
16/06/2023;S. Fermo;PS Pediatrico;34
17/06/2023;Cantù;PS Generale;61
17/06/2023;Cantù;PS Pediatrico;16
17/06/2023;Menaggio;PS Generale;29
17/06/2023;S. Fermo;PS Generale;117
17/06/2023;S. Fermo;PS Pediatrico;45
18/06/2023;Cantù;PS Generale;57
18/06/2023;Cantù;PS Pediatrico;13
18/06/2023;Menaggio;PS Generale;22
18/06/2023;S. Fermo;PS Generale;93
18/06/2023;S. Fermo;PS Pediatrico;48
19/06/2023;Cantù;PS Generale;67
19/06/2023;Cantù;PS Pediatrico;15
19/06/2023;Menaggio;PS Generale;26
19/06/2023;S. Fermo;PS Generale;151
19/06/2023;S. Fermo;PS Pediatrico;38
20/06/2023;Cantù;PS Generale;57
20/06/2023;Cantù;PS Pediatrico;17
20/06/2023;Menaggio;PS Generale;26
20/06/2023;S. Fermo;PS Generale;136
20/06/2023;S. Fermo;PS Pediatrico;42
21/06/2023;Cantù;PS Generale;55
21/06/2023;Cantù;PS Pediatrico;18
21/06/2023;Menaggio;PS Generale;27
21/06/2023;S. Fermo;PS Generale;123
21/06/2023;S. Fermo;PS Pediatrico;39
22/06/2023;Cantù;PS Generale;57
22/06/2023;Cantù;PS Pediatrico;16
22/06/2023;Menaggio;PS Generale;24
22/06/2023;S. Fermo;PS Generale;120
22/06/2023;S. Fermo;PS Pediatrico;40
23/06/2023;Cantù;PS Generale;69
23/06/2023;Cantù;PS Pediatrico;17
23/06/2023;Menaggio;PS Generale;33
23/06/2023;S. Fermo;PS Generale;131
23/06/2023;S. Fermo;PS Pediatrico;45
24/06/2023;Cantù;PS Generale;63
24/06/2023;Cantù;PS Pediatrico;14
24/06/2023;Menaggio;PS Generale;23
24/06/2023;S. Fermo;PS Generale;127
24/06/2023;S. Fermo;PS Pediatrico;42
25/06/2023;Cantù;PS Generale;53
25/06/2023;Cantù;PS Pediatrico;20
25/06/2023;Menaggio;PS Generale;25
25/06/2023;S. Fermo;PS Generale;111
25/06/2023;S. Fermo;PS Pediatrico;56
26/06/2023;Cantù;PS Generale;60
26/06/2023;Cantù;PS Pediatrico;17
26/06/2023;Menaggio;PS Generale;33
26/06/2023;S. Fermo;PS Generale;151
26/06/2023;S. Fermo;PS Pediatrico;54
27/06/2023;Cantù;PS Generale;64
27/06/2023;Cantù;PS Pediatrico;15
27/06/2023;Menaggio;PS Generale;31
27/06/2023;S. Fermo;PS Generale;146
27/06/2023;S. Fermo;PS Pediatrico;43
28/06/2023;Cantù;PS Generale;62
28/06/2023;Cantù;PS Pediatrico;13
28/06/2023;Menaggio;PS Generale;26
28/06/2023;S. Fermo;PS Generale;125
28/06/2023;S. Fermo;PS Pediatrico;39
29/06/2023;Cantù;PS Generale;52
29/06/2023;Cantù;PS Pediatrico;15
29/06/2023;Menaggio;PS Generale;25
29/06/2023;S. Fermo;PS Generale;136
29/06/2023;S. Fermo;PS Pediatrico;34
30/06/2023;Cantù;PS Generale;53
30/06/2023;Cantù;PS Pediatrico;9
30/06/2023;Menaggio;PS Generale;27
30/06/2023;S. Fermo;PS Generale;122
30/06/2023;S. Fermo;PS Pediatrico;35
01/07/2023;Cantù;PS Generale;52
01/07/2023;Cantù;PS Pediatrico;11
01/07/2023;Menaggio;PS Generale;24
01/07/2023;S. Fermo;PS Generale;118
01/07/2023;S. Fermo;PS Pediatrico;40
02/07/2023;Cantù;PS Generale;46
02/07/2023;Cantù;PS Pediatrico;16
02/07/2023;Menaggio;PS Generale;29
02/07/2023;S. Fermo;PS Generale;114
02/07/2023;S. Fermo;PS Pediatrico;47
03/07/2023;Cantù;PS Generale;68
03/07/2023;Cantù;PS Pediatrico;19
03/07/2023;Menaggio;PS Generale;29
03/07/2023;S. Fermo;PS Generale;157
03/07/2023;S. Fermo;PS Pediatrico;46
04/07/2023;Cantù;PS Generale;64
04/07/2023;Cantù;PS Pediatrico;10
04/07/2023;Menaggio;PS Generale;30
04/07/2023;S. Fermo;PS Generale;128
04/07/2023;S. Fermo;PS Pediatrico;35
05/07/2023;Cantù;PS Generale;50
05/07/2023;Cantù;PS Pediatrico;9
05/07/2023;Menaggio;PS Generale;22
05/07/2023;S. Fermo;PS Generale;138
05/07/2023;S. Fermo;PS Pediatrico;35
06/07/2023;Cantù;PS Generale;57
06/07/2023;Cantù;PS Pediatrico;13
06/07/2023;Menaggio;PS Generale;23
06/07/2023;S. Fermo;PS Generale;131
06/07/2023;S. Fermo;PS Pediatrico;32
07/07/2023;Cantù;PS Generale;64
07/07/2023;Cantù;PS Pediatrico;11
07/07/2023;Menaggio;PS Generale;28
07/07/2023;S. Fermo;PS Generale;133
07/07/2023;S. Fermo;PS Pediatrico;33
08/07/2023;Cantù;PS Generale;66
08/07/2023;Cantù;PS Pediatrico;17
08/07/2023;Menaggio;PS Generale;16
08/07/2023;S. Fermo;PS Generale;120
08/07/2023;S. Fermo;PS Pediatrico;43
09/07/2023;Cantù;PS Generale;62
09/07/2023;Cantù;PS Pediatrico;22
09/07/2023;Menaggio;PS Generale;26
09/07/2023;S. Fermo;PS Generale;121
09/07/2023;S. Fermo;PS Pediatrico;40
10/07/2023;Cantù;PS Generale;65
10/07/2023;Cantù;PS Pediatrico;8
10/07/2023;Menaggio;PS Generale;28
10/07/2023;S. Fermo;PS Generale;125
10/07/2023;S. Fermo;PS Pediatrico;28
11/07/2023;Cantù;PS Generale;51
11/07/2023;Cantù;PS Pediatrico;14
11/07/2023;Menaggio;PS Generale;28
11/07/2023;S. Fermo;PS Generale;129
11/07/2023;S. Fermo;PS Pediatrico;34
12/07/2023;Cantù;PS Generale;59
12/07/2023;Cantù;PS Pediatrico;10
12/07/2023;Menaggio;PS Generale;24
12/07/2023;S. Fermo;PS Generale;134
12/07/2023;S. Fermo;PS Pediatrico;25
13/07/2023;Cantù;PS Generale;63
13/07/2023;Cantù;PS Pediatrico;10
13/07/2023;Menaggio;PS Generale;20
13/07/2023;S. Fermo;PS Generale;145
13/07/2023;S. Fermo;PS Pediatrico;23
14/07/2023;Cantù;PS Generale;73
14/07/2023;Cantù;PS Pediatrico;6
14/07/2023;Menaggio;PS Generale;26
14/07/2023;S. Fermo;PS Generale;134
14/07/2023;S. Fermo;PS Pediatrico;26
15/07/2023;Cantù;PS Generale;64
15/07/2023;Cantù;PS Pediatrico;17
15/07/2023;Menaggio;PS Generale;32
15/07/2023;S. Fermo;PS Generale;136
15/07/2023;S. Fermo;PS Pediatrico;42
16/07/2023;Cantù;PS Generale;63
16/07/2023;Cantù;PS Pediatrico;18
16/07/2023;Menaggio;PS Generale;28
16/07/2023;S. Fermo;PS Generale;113
16/07/2023;S. Fermo;PS Pediatrico;42
17/07/2023;Cantù;PS Generale;65
17/07/2023;Cantù;PS Pediatrico;9
17/07/2023;Menaggio;PS Generale;37
17/07/2023;S. Fermo;PS Generale;146
17/07/2023;S. Fermo;PS Pediatrico;40
18/07/2023;Cantù;PS Generale;52
18/07/2023;Cantù;PS Pediatrico;8
18/07/2023;Menaggio;PS Generale;36
18/07/2023;S. Fermo;PS Generale;148
18/07/2023;S. Fermo;PS Pediatrico;28
19/07/2023;Cantù;PS Generale;62
19/07/2023;Cantù;PS Pediatrico;6
19/07/2023;Menaggio;PS Generale;22
19/07/2023;S. Fermo;PS Generale;137
19/07/2023;S. Fermo;PS Pediatrico;32
20/07/2023;Cantù;PS Generale;62
20/07/2023;Cantù;PS Pediatrico;4
20/07/2023;Menaggio;PS Generale;29
20/07/2023;S. Fermo;PS Generale;126
20/07/2023;S. Fermo;PS Pediatrico;25
21/07/2023;Cantù;PS Generale;69
21/07/2023;Cantù;PS Pediatrico;12
21/07/2023;Menaggio;PS Generale;28
21/07/2023;S. Fermo;PS Generale;112
21/07/2023;S. Fermo;PS Pediatrico;31
22/07/2023;Cantù;PS Generale;54
22/07/2023;Cantù;PS Pediatrico;19
22/07/2023;Menaggio;PS Generale;34
22/07/2023;S. Fermo;PS Generale;117
22/07/2023;S. Fermo;PS Pediatrico;36
23/07/2023;Cantù;PS Generale;56
23/07/2023;Cantù;PS Pediatrico;17
23/07/2023;Menaggio;PS Generale;24
23/07/2023;S. Fermo;PS Generale;136
23/07/2023;S. Fermo;PS Pediatrico;38
24/07/2023;Cantù;PS Generale;55
24/07/2023;Cantù;PS Pediatrico;8
24/07/2023;Menaggio;PS Generale;23
24/07/2023;S. Fermo;PS Generale;150
24/07/2023;S. Fermo;PS Pediatrico;40
25/07/2023;Cantù;PS Generale;68
25/07/2023;Cantù;PS Pediatrico;12
25/07/2023;Menaggio;PS Generale;25
25/07/2023;S. Fermo;PS Generale;121
25/07/2023;S. Fermo;PS Pediatrico;31
26/07/2023;Cantù;PS Generale;68
26/07/2023;Cantù;PS Pediatrico;6
26/07/2023;Menaggio;PS Generale;19
26/07/2023;S. Fermo;PS Generale;119
26/07/2023;S. Fermo;PS Pediatrico;37
27/07/2023;Cantù;PS Generale;51
27/07/2023;Cantù;PS Pediatrico;7
27/07/2023;Menaggio;PS Generale;21
27/07/2023;S. Fermo;PS Generale;127
27/07/2023;S. Fermo;PS Pediatrico;32
28/07/2023;Cantù;PS Generale;57
28/07/2023;Cantù;PS Pediatrico;15
28/07/2023;Menaggio;PS Generale;36
28/07/2023;S. Fermo;PS Generale;135
28/07/2023;S. Fermo;PS Pediatrico;37
29/07/2023;Cantù;PS Generale;70
29/07/2023;Cantù;PS Pediatrico;15
29/07/2023;Menaggio;PS Generale;26
29/07/2023;S. Fermo;PS Generale;129
29/07/2023;S. Fermo;PS Pediatrico;44
30/07/2023;Cantù;PS Generale;42
30/07/2023;Cantù;PS Pediatrico;13
30/07/2023;Menaggio;PS Generale;27
30/07/2023;S. Fermo;PS Generale;125
30/07/2023;S. Fermo;PS Pediatrico;32
31/07/2023;Cantù;PS Generale;62
31/07/2023;Cantù;PS Pediatrico;9
31/07/2023;Menaggio;PS Generale;31
31/07/2023;S. Fermo;PS Generale;160
31/07/2023;S. Fermo;PS Pediatrico;30
01/08/2023;Cantù;PS Generale;56
01/08/2023;Cantù;PS Pediatrico;8
01/08/2023;Menaggio;PS Generale;29
01/08/2023;S. Fermo;PS Generale;122
01/08/2023;S. Fermo;PS Pediatrico;30
02/08/2023;Cantù;PS Generale;53
02/08/2023;Cantù;PS Pediatrico;8
02/08/2023;Menaggio;PS Generale;26
02/08/2023;S. Fermo;PS Generale;144
02/08/2023;S. Fermo;PS Pediatrico;34
03/08/2023;Cantù;PS Generale;65
03/08/2023;Cantù;PS Pediatrico;8
03/08/2023;Menaggio;PS Generale;25
03/08/2023;S. Fermo;PS Generale;125
03/08/2023;S. Fermo;PS Pediatrico;27
04/08/2023;Cantù;PS Generale;50
04/08/2023;Cantù;PS Pediatrico;9
04/08/2023;Menaggio;PS Generale;27
04/08/2023;S. Fermo;PS Generale;137
04/08/2023;S. Fermo;PS Pediatrico;22
05/08/2023;Cantù;PS Generale;44
05/08/2023;Cantù;PS Pediatrico;11
05/08/2023;Menaggio;PS Generale;25
05/08/2023;S. Fermo;PS Generale;114
05/08/2023;S. Fermo;PS Pediatrico;32
06/08/2023;Cantù;PS Generale;46
06/08/2023;Cantù;PS Pediatrico;7
06/08/2023;Menaggio;PS Generale;25
06/08/2023;S. Fermo;PS Generale;100
06/08/2023;S. Fermo;PS Pediatrico;31
07/08/2023;Cantù;PS Generale;48
07/08/2023;Cantù;PS Pediatrico;6
07/08/2023;Menaggio;PS Generale;26
07/08/2023;S. Fermo;PS Generale;134
07/08/2023;S. Fermo;PS Pediatrico;18
08/08/2023;Cantù;PS Generale;45
08/08/2023;Cantù;PS Pediatrico;6
08/08/2023;Menaggio;PS Generale;24
08/08/2023;S. Fermo;PS Generale;129
08/08/2023;S. Fermo;PS Pediatrico;22
09/08/2023;Cantù;PS Generale;55
09/08/2023;Cantù;PS Pediatrico;3
09/08/2023;Menaggio;PS Generale;25
09/08/2023;S. Fermo;PS Generale;124
09/08/2023;S. Fermo;PS Pediatrico;25
10/08/2023;Cantù;PS Generale;53
10/08/2023;Cantù;PS Pediatrico;10
10/08/2023;Menaggio;PS Generale;30
10/08/2023;S. Fermo;PS Generale;128
10/08/2023;S. Fermo;PS Pediatrico;28
11/08/2023;Cantù;PS Generale;52
11/08/2023;Cantù;PS Pediatrico;15
11/08/2023;Menaggio;PS Generale;24
11/08/2023;S. Fermo;PS Generale;124
11/08/2023;S. Fermo;PS Pediatrico;26
12/08/2023;Cantù;PS Generale;65
12/08/2023;Cantù;PS Pediatrico;5
12/08/2023;Menaggio;PS Generale;22
12/08/2023;S. Fermo;PS Generale;125
12/08/2023;S. Fermo;PS Pediatrico;32
13/08/2023;Cantù;PS Generale;46
13/08/2023;Cantù;PS Pediatrico;7
13/08/2023;Menaggio;PS Generale;22
13/08/2023;S. Fermo;PS Generale;119
13/08/2023;S. Fermo;PS Pediatrico;14
14/08/2023;Cantù;PS Generale;54
14/08/2023;Cantù;PS Pediatrico;10
14/08/2023;Menaggio;PS Generale;32
14/08/2023;S. Fermo;PS Generale;147
14/08/2023;S. Fermo;PS Pediatrico;39
15/08/2023;Cantù;PS Generale;38
15/08/2023;Cantù;PS Pediatrico;4
15/08/2023;Menaggio;PS Generale;23
15/08/2023;S. Fermo;PS Generale;86
15/08/2023;S. Fermo;PS Pediatrico;23
16/08/2023;Cantù;PS Generale;77
16/08/2023;Cantù;PS Pediatrico;11
16/08/2023;Menaggio;PS Generale;32
16/08/2023;S. Fermo;PS Generale;159
16/08/2023;S. Fermo;PS Pediatrico;39
17/08/2023;Cantù;PS Generale;59
17/08/2023;Cantù;PS Pediatrico;5
17/08/2023;Menaggio;PS Generale;28
17/08/2023;S. Fermo;PS Generale;132
17/08/2023;S. Fermo;PS Pediatrico;14
18/08/2023;Cantù;PS Generale;59
18/08/2023;Cantù;PS Pediatrico;11
18/08/2023;Menaggio;PS Generale;34
18/08/2023;S. Fermo;PS Generale;114
18/08/2023;S. Fermo;PS Pediatrico;23
19/08/2023;Cantù;PS Generale;45
19/08/2023;Cantù;PS Pediatrico;10
19/08/2023;Menaggio;PS Generale;22
19/08/2023;S. Fermo;PS Generale;114
19/08/2023;S. Fermo;PS Pediatrico;38
20/08/2023;Cantù;PS Generale;56
20/08/2023;Cantù;PS Pediatrico;11
20/08/2023;Menaggio;PS Generale;19
20/08/2023;S. Fermo;PS Generale;99
20/08/2023;S. Fermo;PS Pediatrico;31
21/08/2023;Cantù;PS Generale;50
21/08/2023;Cantù;PS Pediatrico;4
21/08/2023;Menaggio;PS Generale;32
21/08/2023;S. Fermo;PS Generale;133
21/08/2023;S. Fermo;PS Pediatrico;31
22/08/2023;Cantù;PS Generale;65
22/08/2023;Cantù;PS Pediatrico;14
22/08/2023;Menaggio;PS Generale;19
22/08/2023;S. Fermo;PS Generale;134
22/08/2023;S. Fermo;PS Pediatrico;25
23/08/2023;Cantù;PS Generale;59
23/08/2023;Cantù;PS Pediatrico;6
23/08/2023;Menaggio;PS Generale;30
23/08/2023;S. Fermo;PS Generale;126
23/08/2023;S. Fermo;PS Pediatrico;20
24/08/2023;Cantù;PS Generale;75
24/08/2023;Cantù;PS Pediatrico;14
24/08/2023;Menaggio;PS Generale;31
24/08/2023;S. Fermo;PS Generale;131
24/08/2023;S. Fermo;PS Pediatrico;23
25/08/2023;Cantù;PS Generale;64
25/08/2023;Cantù;PS Pediatrico;3
25/08/2023;Menaggio;PS Generale;26
25/08/2023;S. Fermo;PS Generale;137
25/08/2023;S. Fermo;PS Pediatrico;24
26/08/2023;Cantù;PS Generale;51
26/08/2023;Cantù;PS Pediatrico;11
26/08/2023;Menaggio;PS Generale;21
26/08/2023;S. Fermo;PS Generale;128
26/08/2023;S. Fermo;PS Pediatrico;30
27/08/2023;Cantù;PS Generale;55
27/08/2023;Cantù;PS Pediatrico;12
27/08/2023;Menaggio;PS Generale;16
27/08/2023;S. Fermo;PS Generale;119
27/08/2023;S. Fermo;PS Pediatrico;26
28/08/2023;Cantù;PS Generale;59
28/08/2023;Cantù;PS Pediatrico;10
28/08/2023;Menaggio;PS Generale;34
28/08/2023;S. Fermo;PS Generale;132
28/08/2023;S. Fermo;PS Pediatrico;34
29/08/2023;Cantù;PS Generale;61
29/08/2023;Cantù;PS Pediatrico;9
29/08/2023;Menaggio;PS Generale;22
29/08/2023;S. Fermo;PS Generale;117
29/08/2023;S. Fermo;PS Pediatrico;32
30/08/2023;Cantù;PS Generale;63
30/08/2023;Cantù;PS Pediatrico;11
30/08/2023;Menaggio;PS Generale;18
30/08/2023;S. Fermo;PS Generale;144
30/08/2023;S. Fermo;PS Pediatrico;20
31/08/2023;Cantù;PS Generale;59
31/08/2023;Cantù;PS Pediatrico;7
31/08/2023;Menaggio;PS Generale;27
31/08/2023;S. Fermo;PS Generale;137
31/08/2023;S. Fermo;PS Pediatrico;33
01/09/2023;Cantù;PS Generale;50
01/09/2023;Cantù;PS Pediatrico;7
01/09/2023;Menaggio;PS Generale;24
01/09/2023;S. Fermo;PS Generale;150
01/09/2023;S. Fermo;PS Pediatrico;28
02/09/2023;Cantù;PS Generale;49
02/09/2023;Cantù;PS Pediatrico;12
02/09/2023;Menaggio;PS Generale;27
02/09/2023;S. Fermo;PS Generale;114
02/09/2023;S. Fermo;PS Pediatrico;24
03/09/2023;Cantù;PS Generale;59
03/09/2023;Cantù;PS Pediatrico;15
03/09/2023;Menaggio;PS Generale;18
03/09/2023;S. Fermo;PS Generale;125
03/09/2023;S. Fermo;PS Pediatrico;35
04/09/2023;Cantù;PS Generale;73
04/09/2023;Cantù;PS Pediatrico;6
04/09/2023;Menaggio;PS Generale;31
04/09/2023;S. Fermo;PS Generale;141
04/09/2023;S. Fermo;PS Pediatrico;30
05/09/2023;Cantù;PS Generale;55
05/09/2023;Cantù;PS Pediatrico;8
05/09/2023;Menaggio;PS Generale;23
05/09/2023;S. Fermo;PS Generale;127
05/09/2023;S. Fermo;PS Pediatrico;31
06/09/2023;Cantù;PS Generale;56
06/09/2023;Cantù;PS Pediatrico;6
06/09/2023;Menaggio;PS Generale;18
06/09/2023;S. Fermo;PS Generale;120
06/09/2023;S. Fermo;PS Pediatrico;32
07/09/2023;Cantù;PS Generale;61
07/09/2023;Cantù;PS Pediatrico;6
07/09/2023;Menaggio;PS Generale;18
07/09/2023;S. Fermo;PS Generale;120
07/09/2023;S. Fermo;PS Pediatrico;27
08/09/2023;Cantù;PS Generale;68
08/09/2023;Cantù;PS Pediatrico;10
08/09/2023;Menaggio;PS Generale;26
08/09/2023;S. Fermo;PS Generale;117
08/09/2023;S. Fermo;PS Pediatrico;31
09/09/2023;Cantù;PS Generale;67
09/09/2023;Cantù;PS Pediatrico;10
09/09/2023;Menaggio;PS Generale;25
09/09/2023;S. Fermo;PS Generale;115
09/09/2023;S. Fermo;PS Pediatrico;33
10/09/2023;Cantù;PS Generale;67
10/09/2023;Cantù;PS Pediatrico;19
10/09/2023;Menaggio;PS Generale;18
10/09/2023;S. Fermo;PS Generale;119
10/09/2023;S. Fermo;PS Pediatrico;40
11/09/2023;Cantù;PS Generale;66
11/09/2023;Cantù;PS Pediatrico;8
11/09/2023;Menaggio;PS Generale;11
11/09/2023;S. Fermo;PS Generale;152
11/09/2023;S. Fermo;PS Pediatrico;34
12/09/2023;Cantù;PS Generale;53
12/09/2023;Cantù;PS Pediatrico;7
12/09/2023;Menaggio;PS Generale;25
12/09/2023;S. Fermo;PS Generale;149
12/09/2023;S. Fermo;PS Pediatrico;37
13/09/2023;Cantù;PS Generale;61
13/09/2023;Cantù;PS Pediatrico;9
13/09/2023;Menaggio;PS Generale;15
13/09/2023;S. Fermo;PS Generale;124
13/09/2023;S. Fermo;PS Pediatrico;25
14/09/2023;Cantù;PS Generale;52
14/09/2023;Cantù;PS Pediatrico;11
14/09/2023;Menaggio;PS Generale;26
14/09/2023;S. Fermo;PS Generale;140
14/09/2023;S. Fermo;PS Pediatrico;27
15/09/2023;Cantù;PS Generale;58
15/09/2023;Cantù;PS Pediatrico;10
15/09/2023;Menaggio;PS Generale;19
15/09/2023;S. Fermo;PS Generale;129
15/09/2023;S. Fermo;PS Pediatrico;33
16/09/2023;Cantù;PS Generale;56
16/09/2023;Cantù;PS Pediatrico;20
16/09/2023;Menaggio;PS Generale;20
16/09/2023;S. Fermo;PS Generale;121
16/09/2023;S. Fermo;PS Pediatrico;40
17/09/2023;Cantù;PS Generale;55
17/09/2023;Cantù;PS Pediatrico;21
17/09/2023;Menaggio;PS Generale;24
17/09/2023;S. Fermo;PS Generale;129
17/09/2023;S. Fermo;PS Pediatrico;37
18/09/2023;Cantù;PS Generale;70
18/09/2023;Cantù;PS Pediatrico;13
18/09/2023;Menaggio;PS Generale;32
18/09/2023;S. Fermo;PS Generale;143
18/09/2023;S. Fermo;PS Pediatrico;40
19/09/2023;Cantù;PS Generale;53
19/09/2023;Cantù;PS Pediatrico;12
19/09/2023;Menaggio;PS Generale;24
19/09/2023;S. Fermo;PS Generale;132
19/09/2023;S. Fermo;PS Pediatrico;37
20/09/2023;Cantù;PS Generale;59
20/09/2023;Cantù;PS Pediatrico;11
20/09/2023;Menaggio;PS Generale;12
20/09/2023;S. Fermo;PS Generale;131
20/09/2023;S. Fermo;PS Pediatrico;39
21/09/2023;Cantù;PS Generale;61
21/09/2023;Cantù;PS Pediatrico;9
21/09/2023;Menaggio;PS Generale;16
21/09/2023;S. Fermo;PS Generale;134
21/09/2023;S. Fermo;PS Pediatrico;28
22/09/2023;Cantù;PS Generale;54
22/09/2023;Cantù;PS Pediatrico;10
22/09/2023;Menaggio;PS Generale;20
22/09/2023;S. Fermo;PS Generale;121
22/09/2023;S. Fermo;PS Pediatrico;37
23/09/2023;Cantù;PS Generale;53
23/09/2023;Cantù;PS Pediatrico;15
23/09/2023;Menaggio;PS Generale;27
23/09/2023;S. Fermo;PS Generale;115
23/09/2023;S. Fermo;PS Pediatrico;46
24/09/2023;Cantù;PS Generale;48
24/09/2023;Cantù;PS Pediatrico;15
24/09/2023;Menaggio;PS Generale;20
24/09/2023;S. Fermo;PS Generale;133
24/09/2023;S. Fermo;PS Pediatrico;47
25/09/2023;Cantù;PS Generale;61
25/09/2023;Cantù;PS Pediatrico;14
25/09/2023;Menaggio;PS Generale;36
25/09/2023;S. Fermo;PS Generale;159
25/09/2023;S. Fermo;PS Pediatrico;32
26/09/2023;Cantù;PS Generale;56
26/09/2023;Cantù;PS Pediatrico;13
26/09/2023;Menaggio;PS Generale;28
26/09/2023;S. Fermo;PS Generale;154
26/09/2023;S. Fermo;PS Pediatrico;34
27/09/2023;Cantù;PS Generale;72
27/09/2023;Cantù;PS Pediatrico;11
27/09/2023;Menaggio;PS Generale;23
27/09/2023;S. Fermo;PS Generale;156
27/09/2023;S. Fermo;PS Pediatrico;39
28/09/2023;Cantù;PS Generale;51
28/09/2023;Cantù;PS Pediatrico;20
28/09/2023;Menaggio;PS Generale;25
28/09/2023;S. Fermo;PS Generale;120
28/09/2023;S. Fermo;PS Pediatrico;41
29/09/2023;Cantù;PS Generale;56
29/09/2023;Cantù;PS Pediatrico;18
29/09/2023;Menaggio;PS Generale;18
29/09/2023;S. Fermo;PS Generale;145
29/09/2023;S. Fermo;PS Pediatrico;39
30/09/2023;Cantù;PS Generale;56
30/09/2023;Cantù;PS Pediatrico;22
30/09/2023;Menaggio;PS Generale;29
30/09/2023;S. Fermo;PS Generale;110
30/09/2023;S. Fermo;PS Pediatrico;32
01/10/2023;Cantù;PS Generale;49
01/10/2023;Cantù;PS Pediatrico;15
01/10/2023;Menaggio;PS Generale;18
01/10/2023;S. Fermo;PS Generale;134
01/10/2023;S. Fermo;PS Pediatrico;63
02/10/2023;Cantù;PS Generale;68
02/10/2023;Cantù;PS Pediatrico;16
02/10/2023;Menaggio;PS Generale;22
02/10/2023;S. Fermo;PS Generale;141
02/10/2023;S. Fermo;PS Pediatrico;39
03/10/2023;Cantù;PS Generale;69
03/10/2023;Cantù;PS Pediatrico;16
03/10/2023;Menaggio;PS Generale;21
03/10/2023;S. Fermo;PS Generale;141
03/10/2023;S. Fermo;PS Pediatrico;34
04/10/2023;Cantù;PS Generale;65
04/10/2023;Cantù;PS Pediatrico;9
04/10/2023;Menaggio;PS Generale;18
04/10/2023;S. Fermo;PS Generale;127
04/10/2023;S. Fermo;PS Pediatrico;48
05/10/2023;Cantù;PS Generale;57
05/10/2023;Cantù;PS Pediatrico;17
05/10/2023;Menaggio;PS Generale;27
05/10/2023;S. Fermo;PS Generale;136
05/10/2023;S. Fermo;PS Pediatrico;40
06/10/2023;Cantù;PS Generale;65
06/10/2023;Cantù;PS Pediatrico;15
06/10/2023;Menaggio;PS Generale;19
06/10/2023;S. Fermo;PS Generale;136
06/10/2023;S. Fermo;PS Pediatrico;42
07/10/2023;Cantù;PS Generale;64
07/10/2023;Cantù;PS Pediatrico;14
07/10/2023;Menaggio;PS Generale;21
07/10/2023;S. Fermo;PS Generale;122
07/10/2023;S. Fermo;PS Pediatrico;41
08/10/2023;Cantù;PS Generale;68
08/10/2023;Cantù;PS Pediatrico;11
08/10/2023;Menaggio;PS Generale;19
08/10/2023;S. Fermo;PS Generale;117
08/10/2023;S. Fermo;PS Pediatrico;39
09/10/2023;Cantù;PS Generale;73
09/10/2023;Cantù;PS Pediatrico;19
09/10/2023;Menaggio;PS Generale;25
09/10/2023;S. Fermo;PS Generale;150
09/10/2023;S. Fermo;PS Pediatrico;39
10/10/2023;Cantù;PS Generale;72
10/10/2023;Cantù;PS Pediatrico;12
10/10/2023;Menaggio;PS Generale;14
10/10/2023;S. Fermo;PS Generale;137
10/10/2023;S. Fermo;PS Pediatrico;39
11/10/2023;Cantù;PS Generale;54
11/10/2023;Cantù;PS Pediatrico;15
11/10/2023;Menaggio;PS Generale;23
11/10/2023;S. Fermo;PS Generale;133
11/10/2023;S. Fermo;PS Pediatrico;44
12/10/2023;Cantù;PS Generale;63
12/10/2023;Cantù;PS Pediatrico;9
12/10/2023;Menaggio;PS Generale;24
12/10/2023;S. Fermo;PS Generale;137
12/10/2023;S. Fermo;PS Pediatrico;32
13/10/2023;Cantù;PS Generale;58
13/10/2023;Cantù;PS Pediatrico;13
13/10/2023;Menaggio;PS Generale;18
13/10/2023;S. Fermo;PS Generale;126
13/10/2023;S. Fermo;PS Pediatrico;37
14/10/2023;Cantù;PS Generale;68
14/10/2023;Cantù;PS Pediatrico;12
14/10/2023;Menaggio;PS Generale;27
14/10/2023;S. Fermo;PS Generale;127
14/10/2023;S. Fermo;PS Pediatrico;35
15/10/2023;Cantù;PS Generale;58
15/10/2023;Cantù;PS Pediatrico;24
15/10/2023;Menaggio;PS Generale;13
15/10/2023;S. Fermo;PS Generale;122
15/10/2023;S. Fermo;PS Pediatrico;61
16/10/2023;Cantù;PS Generale;60
16/10/2023;Cantù;PS Pediatrico;12
16/10/2023;Menaggio;PS Generale;19
16/10/2023;S. Fermo;PS Generale;137
16/10/2023;S. Fermo;PS Pediatrico;50
17/10/2023;Cantù;PS Generale;64
17/10/2023;Cantù;PS Pediatrico;16
17/10/2023;Menaggio;PS Generale;13
17/10/2023;S. Fermo;PS Generale;137
17/10/2023;S. Fermo;PS Pediatrico;42
18/10/2023;Cantù;PS Generale;55
18/10/2023;Cantù;PS Pediatrico;11
18/10/2023;Menaggio;PS Generale;17
18/10/2023;S. Fermo;PS Generale;116
18/10/2023;S. Fermo;PS Pediatrico;33
19/10/2023;Cantù;PS Generale;52
19/10/2023;Cantù;PS Pediatrico;10
19/10/2023;Menaggio;PS Generale;16
19/10/2023;S. Fermo;PS Generale;121
19/10/2023;S. Fermo;PS Pediatrico;41
20/10/2023;Cantù;PS Generale;52
20/10/2023;Cantù;PS Pediatrico;9
20/10/2023;Menaggio;PS Generale;17
20/10/2023;S. Fermo;PS Generale;134
20/10/2023;S. Fermo;PS Pediatrico;34
21/10/2023;Cantù;PS Generale;50
21/10/2023;Cantù;PS Pediatrico;11
21/10/2023;Menaggio;PS Generale;16
21/10/2023;S. Fermo;PS Generale;128
21/10/2023;S. Fermo;PS Pediatrico;43
22/10/2023;Cantù;PS Generale;43
22/10/2023;Cantù;PS Pediatrico;14
22/10/2023;Menaggio;PS Generale;21
22/10/2023;S. Fermo;PS Generale;127
22/10/2023;S. Fermo;PS Pediatrico;42
23/10/2023;Cantù;PS Generale;65
23/10/2023;Cantù;PS Pediatrico;13
23/10/2023;Menaggio;PS Generale;27
23/10/2023;S. Fermo;PS Generale;138
23/10/2023;S. Fermo;PS Pediatrico;42
24/10/2023;Cantù;PS Generale;49
24/10/2023;Cantù;PS Pediatrico;11
24/10/2023;Menaggio;PS Generale;21
24/10/2023;S. Fermo;PS Generale;132
24/10/2023;S. Fermo;PS Pediatrico;34
25/10/2023;Cantù;PS Generale;46
25/10/2023;Cantù;PS Pediatrico;14
25/10/2023;Menaggio;PS Generale;16
25/10/2023;S. Fermo;PS Generale;126
25/10/2023;S. Fermo;PS Pediatrico;38
26/10/2023;Cantù;PS Generale;61
26/10/2023;Cantù;PS Pediatrico;15
26/10/2023;Menaggio;PS Generale;21
26/10/2023;S. Fermo;PS Generale;125
26/10/2023;S. Fermo;PS Pediatrico;39
27/10/2023;Cantù;PS Generale;58
27/10/2023;Cantù;PS Pediatrico;13
27/10/2023;Menaggio;PS Generale;22
27/10/2023;S. Fermo;PS Generale;144
27/10/2023;S. Fermo;PS Pediatrico;36
28/10/2023;Cantù;PS Generale;67
28/10/2023;Cantù;PS Pediatrico;15
28/10/2023;Menaggio;PS Generale;12
28/10/2023;S. Fermo;PS Generale;114
28/10/2023;S. Fermo;PS Pediatrico;61
29/10/2023;Cantù;PS Generale;65
29/10/2023;Cantù;PS Pediatrico;20
29/10/2023;Menaggio;PS Generale;19
29/10/2023;S. Fermo;PS Generale;110
29/10/2023;S. Fermo;PS Pediatrico;39
30/10/2023;Cantù;PS Generale;76
30/10/2023;Cantù;PS Pediatrico;9
30/10/2023;Menaggio;PS Generale;25
30/10/2023;S. Fermo;PS Generale;120
30/10/2023;S. Fermo;PS Pediatrico;40
31/10/2023;Cantù;PS Generale;65
31/10/2023;Cantù;PS Pediatrico;12
31/10/2023;Menaggio;PS Generale;22
31/10/2023;S. Fermo;PS Generale;118
31/10/2023;S. Fermo;PS Pediatrico;37
01/11/2023;Cantù;PS Generale;59
01/11/2023;Cantù;PS Pediatrico;16
01/11/2023;Menaggio;PS Generale;8
01/11/2023;S. Fermo;PS Generale;122
01/11/2023;S. Fermo;PS Pediatrico;50
02/11/2023;Cantù;PS Generale;67
02/11/2023;Cantù;PS Pediatrico;15
02/11/2023;Menaggio;PS Generale;16
02/11/2023;S. Fermo;PS Generale;115
02/11/2023;S. Fermo;PS Pediatrico;38
03/11/2023;Cantù;PS Generale;60
03/11/2023;Cantù;PS Pediatrico;10
03/11/2023;Menaggio;PS Generale;15
03/11/2023;S. Fermo;PS Generale;133
03/11/2023;S. Fermo;PS Pediatrico;42
04/11/2023;Cantù;PS Generale;62
04/11/2023;Cantù;PS Pediatrico;13
04/11/2023;Menaggio;PS Generale;10
04/11/2023;S. Fermo;PS Generale;100
04/11/2023;S. Fermo;PS Pediatrico;31
05/11/2023;Cantù;PS Generale;57
05/11/2023;Cantù;PS Pediatrico;18
05/11/2023;Menaggio;PS Generale;22
05/11/2023;S. Fermo;PS Generale;107
05/11/2023;S. Fermo;PS Pediatrico;51
06/11/2023;Cantù;PS Generale;49
06/11/2023;Cantù;PS Pediatrico;16
06/11/2023;Menaggio;PS Generale;26
06/11/2023;S. Fermo;PS Generale;141
06/11/2023;S. Fermo;PS Pediatrico;44
07/11/2023;Cantù;PS Generale;51
07/11/2023;Cantù;PS Pediatrico;10
07/11/2023;Menaggio;PS Generale;12
07/11/2023;S. Fermo;PS Generale;113
07/11/2023;S. Fermo;PS Pediatrico;31
08/11/2023;Cantù;PS Generale;55
08/11/2023;Cantù;PS Pediatrico;9
08/11/2023;Menaggio;PS Generale;15
08/11/2023;S. Fermo;PS Generale;119
08/11/2023;S. Fermo;PS Pediatrico;31
09/11/2023;Cantù;PS Generale;58
09/11/2023;Cantù;PS Pediatrico;10
09/11/2023;Menaggio;PS Generale;24
09/11/2023;S. Fermo;PS Generale;120
09/11/2023;S. Fermo;PS Pediatrico;31
10/11/2023;Cantù;PS Generale;55
10/11/2023;Cantù;PS Pediatrico;11
10/11/2023;Menaggio;PS Generale;21
10/11/2023;S. Fermo;PS Generale;126
10/11/2023;S. Fermo;PS Pediatrico;44
11/11/2023;Cantù;PS Generale;62
11/11/2023;Cantù;PS Pediatrico;18
11/11/2023;Menaggio;PS Generale;14
11/11/2023;S. Fermo;PS Generale;114
11/11/2023;S. Fermo;PS Pediatrico;49
12/11/2023;Cantù;PS Generale;59
12/11/2023;Cantù;PS Pediatrico;23
12/11/2023;Menaggio;PS Generale;11
12/11/2023;S. Fermo;PS Generale;103
12/11/2023;S. Fermo;PS Pediatrico;51
13/11/2023;Cantù;PS Generale;59
13/11/2023;Cantù;PS Pediatrico;16
13/11/2023;Menaggio;PS Generale;22
13/11/2023;S. Fermo;PS Generale;160
13/11/2023;S. Fermo;PS Pediatrico;46
14/11/2023;Cantù;PS Generale;49
14/11/2023;Cantù;PS Pediatrico;14
14/11/2023;Menaggio;PS Generale;15
14/11/2023;S. Fermo;PS Generale;136
14/11/2023;S. Fermo;PS Pediatrico;36
15/11/2023;Cantù;PS Generale;57
15/11/2023;Cantù;PS Pediatrico;11
15/11/2023;Menaggio;PS Generale;12
15/11/2023;S. Fermo;PS Generale;132
15/11/2023;S. Fermo;PS Pediatrico;42
16/11/2023;Cantù;PS Generale;67
16/11/2023;Cantù;PS Pediatrico;10
16/11/2023;Menaggio;PS Generale;18
16/11/2023;S. Fermo;PS Generale;140
16/11/2023;S. Fermo;PS Pediatrico;47
17/11/2023;Cantù;PS Generale;62
17/11/2023;Cantù;PS Pediatrico;9
17/11/2023;Menaggio;PS Generale;23
17/11/2023;S. Fermo;PS Generale;132
17/11/2023;S. Fermo;PS Pediatrico;40
18/11/2023;Cantù;PS Generale;64
18/11/2023;Cantù;PS Pediatrico;20
18/11/2023;Menaggio;PS Generale;15
18/11/2023;S. Fermo;PS Generale;133
18/11/2023;S. Fermo;PS Pediatrico;49
19/11/2023;Cantù;PS Generale;41
19/11/2023;Cantù;PS Pediatrico;19
19/11/2023;Menaggio;PS Generale;10
19/11/2023;S. Fermo;PS Generale;87
19/11/2023;S. Fermo;PS Pediatrico;54
20/11/2023;Cantù;PS Generale;71
20/11/2023;Cantù;PS Pediatrico;18
20/11/2023;Menaggio;PS Generale;17
20/11/2023;S. Fermo;PS Generale;133
20/11/2023;S. Fermo;PS Pediatrico;67
21/11/2023;Cantù;PS Generale;76
21/11/2023;Cantù;PS Pediatrico;11
21/11/2023;Menaggio;PS Generale;16
21/11/2023;S. Fermo;PS Generale;136
21/11/2023;S. Fermo;PS Pediatrico;31
22/11/2023;Cantù;PS Generale;65
22/11/2023;Cantù;PS Pediatrico;12
22/11/2023;Menaggio;PS Generale;11
22/11/2023;S. Fermo;PS Generale;128
22/11/2023;S. Fermo;PS Pediatrico;36
23/11/2023;Cantù;PS Generale;59
23/11/2023;Cantù;PS Pediatrico;20
23/11/2023;Menaggio;PS Generale;16
23/11/2023;S. Fermo;PS Generale;125
23/11/2023;S. Fermo;PS Pediatrico;37
24/11/2023;Cantù;PS Generale;69
24/11/2023;Cantù;PS Pediatrico;20
24/11/2023;Menaggio;PS Generale;17
24/11/2023;S. Fermo;PS Generale;136
24/11/2023;S. Fermo;PS Pediatrico;31
25/11/2023;Cantù;PS Generale;62
25/11/2023;Cantù;PS Pediatrico;17
25/11/2023;Menaggio;PS Generale;20
25/11/2023;S. Fermo;PS Generale;113
25/11/2023;S. Fermo;PS Pediatrico;57
26/11/2023;Cantù;PS Generale;61
26/11/2023;Cantù;PS Pediatrico;27
26/11/2023;Menaggio;PS Generale;20
26/11/2023;S. Fermo;PS Generale;122
26/11/2023;S. Fermo;PS Pediatrico;63
27/11/2023;Cantù;PS Generale;68
27/11/2023;Cantù;PS Pediatrico;14
27/11/2023;Menaggio;PS Generale;22
27/11/2023;S. Fermo;PS Generale;147
27/11/2023;S. Fermo;PS Pediatrico;41
28/11/2023;Cantù;PS Generale;58
28/11/2023;Cantù;PS Pediatrico;15
28/11/2023;Menaggio;PS Generale;15
28/11/2023;S. Fermo;PS Generale;125
28/11/2023;S. Fermo;PS Pediatrico;54
29/11/2023;Cantù;PS Generale;53
29/11/2023;Cantù;PS Pediatrico;14
29/11/2023;Menaggio;PS Generale;17
29/11/2023;S. Fermo;PS Generale;135
29/11/2023;S. Fermo;PS Pediatrico;45
30/11/2023;Cantù;PS Generale;56
30/11/2023;Cantù;PS Pediatrico;14
30/11/2023;Menaggio;PS Generale;20
30/11/2023;S. Fermo;PS Generale;127
30/11/2023;S. Fermo;PS Pediatrico;39
01/12/2023;Cantù;PS Generale;46
01/12/2023;Cantù;PS Pediatrico;21
01/12/2023;Menaggio;PS Generale;20
01/12/2023;S. Fermo;PS Generale;137
01/12/2023;S. Fermo;PS Pediatrico;44
02/12/2023;Cantù;PS Generale;51
02/12/2023;Cantù;PS Pediatrico;21
02/12/2023;Menaggio;PS Generale;24
02/12/2023;S. Fermo;PS Generale;105
02/12/2023;S. Fermo;PS Pediatrico;57
03/12/2023;Cantù;PS Generale;68
03/12/2023;Cantù;PS Pediatrico;24
03/12/2023;Menaggio;PS Generale;21
03/12/2023;S. Fermo;PS Generale;114
03/12/2023;S. Fermo;PS Pediatrico;57
04/12/2023;Cantù;PS Generale;67
04/12/2023;Cantù;PS Pediatrico;16
04/12/2023;Menaggio;PS Generale;19
04/12/2023;S. Fermo;PS Generale;137
04/12/2023;S. Fermo;PS Pediatrico;49
05/12/2023;Cantù;PS Generale;42
05/12/2023;Cantù;PS Pediatrico;13
05/12/2023;Menaggio;PS Generale;14
05/12/2023;S. Fermo;PS Generale;129
05/12/2023;S. Fermo;PS Pediatrico;48
06/12/2023;Cantù;PS Generale;55
06/12/2023;Cantù;PS Pediatrico;15
06/12/2023;Menaggio;PS Generale;23
06/12/2023;S. Fermo;PS Generale;107
06/12/2023;S. Fermo;PS Pediatrico;39
07/12/2023;Cantù;PS Generale;56
07/12/2023;Cantù;PS Pediatrico;15
07/12/2023;Menaggio;PS Generale;33
07/12/2023;S. Fermo;PS Generale;125
07/12/2023;S. Fermo;PS Pediatrico;49
08/12/2023;Cantù;PS Generale;62
08/12/2023;Cantù;PS Pediatrico;19
08/12/2023;Menaggio;PS Generale;16
08/12/2023;S. Fermo;PS Generale;119
08/12/2023;S. Fermo;PS Pediatrico;68
09/12/2023;Cantù;PS Generale;49
09/12/2023;Cantù;PS Pediatrico;31
09/12/2023;Menaggio;PS Generale;17
09/12/2023;S. Fermo;PS Generale;116
09/12/2023;S. Fermo;PS Pediatrico;72
10/12/2023;Cantù;PS Generale;49
10/12/2023;Cantù;PS Pediatrico;30
10/12/2023;Menaggio;PS Generale;21
10/12/2023;S. Fermo;PS Generale;122
10/12/2023;S. Fermo;PS Pediatrico;59
11/12/2023;Cantù;PS Generale;67
11/12/2023;Cantù;PS Pediatrico;18
11/12/2023;Menaggio;PS Generale;30
11/12/2023;S. Fermo;PS Generale;145
11/12/2023;S. Fermo;PS Pediatrico;52
12/12/2023;Cantù;PS Generale;54
12/12/2023;Cantù;PS Pediatrico;21
12/12/2023;Menaggio;PS Generale;19
12/12/2023;S. Fermo;PS Generale;110
12/12/2023;S. Fermo;PS Pediatrico;47
13/12/2023;Cantù;PS Generale;51
13/12/2023;Cantù;PS Pediatrico;16
13/12/2023;Menaggio;PS Generale;19
13/12/2023;S. Fermo;PS Generale;151
13/12/2023;S. Fermo;PS Pediatrico;46
14/12/2023;Cantù;PS Generale;63
14/12/2023;Cantù;PS Pediatrico;12
14/12/2023;Menaggio;PS Generale;14
14/12/2023;S. Fermo;PS Generale;129
14/12/2023;S. Fermo;PS Pediatrico;47
15/12/2023;Cantù;PS Generale;56
15/12/2023;Cantù;PS Pediatrico;13
15/12/2023;Menaggio;PS Generale;18
15/12/2023;S. Fermo;PS Generale;137
15/12/2023;S. Fermo;PS Pediatrico;52
16/12/2023;Cantù;PS Generale;53
16/12/2023;Cantù;PS Pediatrico;19
16/12/2023;Menaggio;PS Generale;26
16/12/2023;S. Fermo;PS Generale;100
16/12/2023;S. Fermo;PS Pediatrico;43
17/12/2023;Cantù;PS Generale;57
17/12/2023;Cantù;PS Pediatrico;22
17/12/2023;Menaggio;PS Generale;10
17/12/2023;S. Fermo;PS Generale;124
17/12/2023;S. Fermo;PS Pediatrico;73
18/12/2023;Cantù;PS Generale;61
18/12/2023;Cantù;PS Pediatrico;25
18/12/2023;Menaggio;PS Generale;17
18/12/2023;S. Fermo;PS Generale;118
18/12/2023;S. Fermo;PS Pediatrico;65
19/12/2023;Cantù;PS Generale;67
19/12/2023;Cantù;PS Pediatrico;13
19/12/2023;Menaggio;PS Generale;8
19/12/2023;S. Fermo;PS Generale;114
19/12/2023;S. Fermo;PS Pediatrico;46
20/12/2023;Cantù;PS Generale;53
20/12/2023;Cantù;PS Pediatrico;14
20/12/2023;Menaggio;PS Generale;12
20/12/2023;S. Fermo;PS Generale;132
20/12/2023;S. Fermo;PS Pediatrico;38
21/12/2023;Cantù;PS Generale;57
21/12/2023;Cantù;PS Pediatrico;17
21/12/2023;Menaggio;PS Generale;16
21/12/2023;S. Fermo;PS Generale;136
21/12/2023;S. Fermo;PS Pediatrico;41
22/12/2023;Cantù;PS Generale;65
22/12/2023;Cantù;PS Pediatrico;11
22/12/2023;Menaggio;PS Generale;19
22/12/2023;S. Fermo;PS Generale;121
22/12/2023;S. Fermo;PS Pediatrico;61
23/12/2023;Cantù;PS Generale;58
23/12/2023;Cantù;PS Pediatrico;25
23/12/2023;Menaggio;PS Generale;20
23/12/2023;S. Fermo;PS Generale;112
23/12/2023;S. Fermo;PS Pediatrico;70
24/12/2023;Cantù;PS Generale;58
24/12/2023;Cantù;PS Pediatrico;37
24/12/2023;Menaggio;PS Generale;22
24/12/2023;S. Fermo;PS Generale;136
24/12/2023;S. Fermo;PS Pediatrico;92
25/12/2023;Cantù;PS Generale;53
25/12/2023;Cantù;PS Pediatrico;31
25/12/2023;Menaggio;PS Generale;26
25/12/2023;S. Fermo;PS Generale;107
25/12/2023;S. Fermo;PS Pediatrico;85
26/12/2023;Cantù;PS Generale;60
26/12/2023;Cantù;PS Pediatrico;37
26/12/2023;Menaggio;PS Generale;21
26/12/2023;S. Fermo;PS Generale;148
26/12/2023;S. Fermo;PS Pediatrico;88
27/12/2023;Cantù;PS Generale;78
27/12/2023;Cantù;PS Pediatrico;25
27/12/2023;Menaggio;PS Generale;27
27/12/2023;S. Fermo;PS Generale;150
27/12/2023;S. Fermo;PS Pediatrico;59
28/12/2023;Cantù;PS Generale;57
28/12/2023;Cantù;PS Pediatrico;17
28/12/2023;Menaggio;PS Generale;16
28/12/2023;S. Fermo;PS Generale;131
28/12/2023;S. Fermo;PS Pediatrico;39
29/12/2023;Cantù;PS Generale;56
29/12/2023;Cantù;PS Pediatrico;11
29/12/2023;Menaggio;PS Generale;20
29/12/2023;S. Fermo;PS Generale;124
29/12/2023;S. Fermo;PS Pediatrico;50
30/12/2023;Cantù;PS Generale;55
30/12/2023;Cantù;PS Pediatrico;20
30/12/2023;Menaggio;PS Generale;22
30/12/2023;S. Fermo;PS Generale;117
30/12/2023;S. Fermo;PS Pediatrico;51
31/12/2023;Cantù;PS Generale;38
31/12/2023;Cantù;PS Pediatrico;22
31/12/2023;Menaggio;PS Generale;17
31/12/2023;S. Fermo;PS Generale;63
31/12/2023;S. Fermo;PS Pediatrico;58
